datetime,y_true_PM2_5,yhat_lin_PM2_5,yhat_rf_PM2_5
2025-10-24 02:17:45.451182,19,21.69476333289612,19.139536755727942
2025-10-24 02:21:15.807470,20,21.636995722766567,19.131806139728422
2025-10-24 02:24:45.919944,20,21.920753798595854,19.34057626516437
2025-10-24 02:26:15.906839,19,21.978521408725406,19.26170265546001
2025-10-24 02:30:14.812054,18,22.036289018854966,19.077463883338883
2025-10-24 02:30:45.217062,19,21.86298618846629,19.295088619368702
2025-10-24 02:32:45.828286,20,21.920753798595854,19.34057626516437
2025-10-24 02:33:14.810269,20,22.036289018854966,19.077463883338883
2025-10-24 02:33:45.203238,20,21.86298618846629,19.295088619368702
2025-10-24 02:34:16.080496,18,21.978521408725406,19.26170265546001
2025-10-24 02:39:45.771758,20,21.920753798595854,19.34057626516437
2025-10-24 02:40:15.913956,18,21.920753798595854,19.34057626516437
2025-10-24 02:43:15.911776,18,21.920753798595854,19.34057626516437
2025-10-24 02:43:46.078789,18,21.80521857833674,19.041575465226774
2025-10-24 02:46:45.920163,19,21.86298618846629,19.295088619368702
2025-10-24 02:48:14.804223,20,21.920753798595854,19.34057626516437
2025-10-24 02:49:15.906692,18,21.920753798595854,19.34057626516437
2025-10-24 02:51:15.831537,21,21.920753798595854,19.34057626516437
2025-10-24 02:52:45.913593,18,21.920753798595854,19.34057626516437
2025-10-24 10:04:44.840749,23,21.947258795046938,24.66805026455027
2025-10-24 10:06:45.076087,25,21.92787659756175,23.509817460317453
2025-10-24 10:10:45.068229,23,21.831723574787823,24.034775012025026
2025-10-24 10:13:15.066571,23,21.77395596465827,24.638158730158732
2025-10-24 10:14:45.080690,24,21.65842074439916,25.928132275132274
2025-10-24 10:17:45.079529,23,21.663121736891643,23.47638888888889
2025-10-24 10:21:14.371750,25,21.663121736891643,23.47638888888889
2025-10-24 10:26:44.977054,24,21.355280471084686,23.819234778966585
2025-10-24 10:28:45.058197,25,21.297512860955134,23.8475430359401
2025-10-24 10:33:45.064516,24,21.43205129637342,23.647396825396832
2025-10-24 10:36:15.066708,25,21.43205129637342,23.647396825396832
2025-10-24 10:37:15.071498,23,21.47043670901779,23.31248424723425
2025-10-24 10:38:44.651974,24,21.43205129637342,23.647396825396832
2025-10-24 10:41:15.066231,24,21.43205129637342,23.647396825396832
2025-10-24 10:42:44.710102,22,21.186678633188514,23.807567700817703
2025-10-24 10:45:15.065058,24,21.5859719292769,23.77658465608466
2025-10-24 10:49:44.350364,21,21.244446243318066,22.540220899470906
2025-10-24 10:51:44.361083,23,21.297133878629126,23.742944444444444
2025-10-24 10:53:15.073704,24,21.225064045832877,22.297361111111112
2025-10-24 10:53:45.289523,22,21.34059926609199,23.220948412698416
2025-10-24 10:54:15.055312,23,21.50882212166215,23.493333333333336
2025-10-24 10:54:45.047183,23,21.282831655962436,22.535372174122177
2025-10-24 10:55:14.920533,23,21.34059926609199,23.220948412698416
2025-10-24 10:55:45.052597,23,21.39836687622155,22.463166666666677
2025-10-24 10:56:14.906812,21,21.225064045832877,22.297361111111112
2025-10-24 10:58:14.965226,22,21.205681848347695,22.498333333333335
2025-10-24 10:58:44.817038,23,21.3212170686068,22.340694444444445
2025-10-24 11:00:44.392900,21,20.97038104323006,23.089295454545454
2025-10-24 11:02:44.640125,24,21.662455417806697,21.603833333333334
2025-10-24 11:03:44.857783,21,21.854761463354542,21.647444444444446
2025-10-24 11:04:45.411158,22,21.104919478648352,22.973089105339106
2025-10-24 11:08:14.397121,22,22.008682096258017,23.311896825396822
2025-10-24 11:12:15.272432,24,22.008682096258017,23.311896825396822
2025-10-24 11:13:45.057555,21,20.744011595204327,20.84961111111111
2025-10-24 11:15:14.863704,22,21.79699385322499,22.051317460317467
2025-10-24 11:15:45.048699,20,21.763309433073104,22.26563888888888
2025-10-24 11:21:14.390702,24,21.821077043202656,21.246190476190478
2025-10-24 11:25:45.375539,22,20.205478871205152,21.5625
2025-10-24 11:26:14.716467,22,20.321014091464264,21.37938888888889
2025-10-24 11:26:45.044459,22,20.013172825657307,21.573333333333338
2025-10-24 11:29:45.040143,22,21.53223899255488,21.699333333333332
2025-10-24 11:30:14.700881,20,21.628392015328803,21.423111111111105
2025-10-24 11:32:15.366502,21,21.5128567950697,21.02340873015874
2025-10-24 11:33:44.925970,22,21.762930450747096,21.505166666666668
2025-10-24 11:34:45.020076,22,21.91685108365057,21.388833333333334
2025-10-24 11:35:14.844923,20,21.97461869378013,22.731174603174598
2025-10-24 11:35:45.065460,20,21.95523649629494,21.115
2025-10-24 11:38:14.321908,23,21.013088466040905,21.718444444444444
2025-10-24 11:39:44.367959,22,20.455173544556548,21.552222222222223
2025-10-24 11:41:44.661327,21,20.128329063590407,21.645833333333332
2025-10-24 11:43:45.030167,21,21.42140476478826,21.87753968253968
2025-10-24 11:45:45.021172,22,21.22909871924041,21.05618783068784
2025-10-24 11:46:14.702225,21,21.22909871924041,21.05618783068784
2025-10-24 11:48:15.018100,21,21.017410476207377,21.11579365079365
2025-10-24 11:50:44.871429,20,20.80610121550035,21.353571428571428
2025-10-24 11:51:14.916832,20,20.940639650918644,21.06930555555556
2025-10-24 11:52:15.010275,20,21.171331109110852,21.330801587301583
2025-10-24 11:54:14.351268,21,21.07517808633693,21.701224867724868
2025-10-24 11:54:44.330117,21,20.863489843303896,20.92
2025-10-24 11:55:44.380688,20,21.344254957173508,20.416666666666668
2025-10-24 11:56:15.013239,21,21.286487347043956,20.426666666666666
2025-10-24 12:01:15.017727,21,19.954738896442798,20.5
2025-10-24 12:03:45.028639,20,19.531741392702735,19.95531878306878
2025-10-24 12:04:15.021545,21,19.33943534715489,20.697000000000003
2025-10-24 12:07:15.013492,20,19.204896911736604,20.675866707366716
2025-10-24 12:07:45.187116,21,19.147129301607045,20.406240880034993
2025-10-24 12:08:45.028131,20,18.91605886108883,20.05879987604987
2025-10-24 12:09:15.028040,20,19.089361691477492,20.17846880786625
2025-10-24 12:12:14.330559,21,18.935441058574018,20.88887960560562
2025-10-24 12:12:45.018096,21,19.147129301607045,20.406240880034993
2025-10-24 12:18:15.030266,20,18.99320866870357,21.08252860296476
2025-10-24 12:19:45.014947,22,18.935441058574018,20.88887960560562
2025-10-24 12:22:15.018697,21,19.089361691477492,20.17846880786625
2025-10-24 12:23:45.182193,20,19.03159408134794,20.01648241573241
2025-10-24 12:25:44.799753,20,19.147129301607045,20.406240880034993
2025-10-24 12:30:44.997668,20,19.089361691477492,20.17846880786625
2025-10-24 12:31:45.039609,20,19.089361691477492,20.17846880786625
2025-10-24 12:32:15.024117,20,19.373119767306775,21.428112218678006
2025-10-24 12:40:14.829946,20,19.334734354662405,20.56430166130166
2025-10-24 12:43:13.792284,21,19.204896911736604,20.675866707366716
2025-10-24 12:47:45.335497,21,19.243282324380967,20.02206695156696
2025-10-24 12:50:44.688765,20,19.623193422984173,19.817527777777784
2025-10-24 12:51:44.667482,19,19.56542581285462,19.896451962267758
2025-10-24 12:52:14.907559,19,19.589509002832298,19.886945767195776
2025-10-24 12:53:44.333250,20,19.743429635735772,19.75916402116403
2025-10-24 12:54:14.416186,22,19.743429635735772,19.75916402116403
2025-10-24 12:54:45.000593,20,19.839582658509695,19.521933862433865
2025-10-24 12:57:44.797328,19,20.50795282543467,20.621666666666666
2025-10-24 12:58:14.999788,19,20.50795282543467,20.621666666666666
2025-10-24 13:01:44.397849,20,20.777121341838317,20.540904761904763
2025-10-24 13:02:43.820977,19,20.969427387386165,20.315071428571432
2025-10-24 13:03:14.999604,20,21.219501043063563,19.688888888888886
2025-10-24 13:05:43.837354,21,21.950339812610572,20.247666666666667
2025-10-24 13:06:14.999163,18,21.93095761512539,20.09
2025-10-24 13:07:44.400504,20,20.257970815324335,20.192
2025-10-24 13:08:14.833417,19,20.315738425453887,20.008666666666667
2025-10-24 13:11:14.876511,20,20.373506035583446,20.525333333333336
2025-10-24 13:11:45.353208,20,19.950508531843386,20.08719576719577
2025-10-24 13:15:14.863731,20,19.48874663313295,20.348499999999994
2025-10-24 13:17:14.998577,20,19.50812883061814,19.378182539682538
2025-10-24 13:18:14.717544,19,19.45036122048858,18.598512987012985
2025-10-24 13:22:14.334825,20,19.411975807844218,19.60154761904762
2025-10-24 13:25:44.984713,19,19.585278638232886,19.27557142857143
2025-10-24 13:26:14.407676,19,19.527511028103334,19.00083333333333
2025-10-24 13:29:14.990035,20,19.30152056240361,18.996666666666666
2025-10-24 13:29:44.988475,21,19.41705578266272,19.05570634920635
2025-10-24 13:34:14.990741,20,19.508507812944153,19.52397354497354
2025-10-24 13:37:14.774955,19,19.186364324470507,18.84897619047619
2025-10-24 13:39:14.337530,19,19.585657620558894,20.663333333333334
2025-10-24 13:39:44.985833,19,19.37396937752586,19.404742063492062
2025-10-24 13:40:14.809804,20,19.547272207914524,20.705277777777777
2025-10-24 13:42:14.976108,19,19.35496616236668,18.68566666666666
2025-10-24 13:50:14.781216,20,19.278195337077946,19.310701058201058
2025-10-24 13:50:44.963535,19,19.393730557337058,19.281825396825372
2025-10-24 13:55:44.321425,19,19.61972102303679,18.259365079365086
2025-10-24 13:58:44.973238,19,19.413112754822247,18.669444444444444
2025-10-24 14:01:14.406110,19,19.311971402796896,17.836158730158726
2025-10-24 14:02:14.775269,18,19.311971402796896,17.836158730158726
2025-10-24 14:03:44.990341,19,19.52365964582993,19.02463492063492
2025-10-24 14:05:14.321924,20,19.749650111529654,19.076
2025-10-24 14:08:44.970703,19,19.807417721659213,19.003333333333334
2025-10-24 14:10:14.885210,20,19.96133835456269,19.83885714285714
2025-10-24 14:13:14.628373,19,19.96133835456269,19.83885714285714
2025-10-24 14:14:44.971195,20,19.98072055204788,19.49086507936508
2025-10-24 14:15:44.692238,20,20.154023382436545,18.36240740740741
2025-10-24 14:23:44.946516,19,20.057870359662623,18.251985449735454
2025-10-24 14:24:44.961269,20,20.057870359662623,18.251985449735454
2025-10-24 14:25:44.389994,20,20.115637969792182,18.71993446368446
2025-10-24 14:26:14.964568,18,20.173405579921734,19.607793650793656
2025-10-24 14:27:44.964948,19,20.115637969792182,18.71993446368446
2025-10-24 14:29:14.326197,19,20.173405579921734,19.607793650793656
2025-10-24 14:31:44.771858,18,20.231173190051287,17.664023809523812
2025-10-24 14:32:44.972097,19,20.115637969792182,18.71993446368446
2025-10-24 14:37:14.959986,18,20.154402364762554,19.21100264550266
2025-10-24 14:47:44.356291,18,20.40485500276597,18.512759259259248
2025-10-24 14:48:44.971185,18,20.578157833154634,18.91155555555556
2025-10-24 14:51:44.857632,18,20.635925443284187,18.361555555555558
2025-10-24 14:53:44.960945,20,20.635925443284187,18.361555555555558
2025-10-24 14:55:14.644017,19,20.804148298854358,18.570607142857146
2025-10-24 14:59:14.948847,19,20.996833326728215,18.508237373737373
2025-10-24 15:01:44.657743,20,20.843004339391804,19.58885987215399
2025-10-24 15:04:43.827910,21,20.843004339391804,19.58885987215399
2025-10-24 15:05:44.353988,19,20.843004339391804,19.58885987215399
2025-10-24 15:06:14.863948,20,21.184530025350647,19.126829617550204
2025-10-24 15:06:44.952028,20,21.2422976354802,19.435433020683014
2025-10-24 15:12:14.954135,22,21.261679832965388,19.37882794029154
2025-10-24 15:13:14.953549,18,21.146144612706276,19.714114626114615
2025-10-24 15:19:14.945876,21,21.146144612706276,19.714114626114615
2025-10-24 15:22:44.327243,18,21.20391222283583,19.124781659697078
2025-10-24 15:25:44.940371,20,21.20391222283583,19.124781659697078
2025-10-24 15:27:14.946061,21,21.261679832965388,19.37882794029154
2025-10-24 15:31:14.318719,21,21.146144612706276,19.714114626114615
2025-10-24 15:34:44.799400,19,21.42990268853555,19.296660866910862
2025-10-24 15:38:44.942579,18,21.660973129053776,19.897991405653165
2025-10-24 15:39:44.947818,19,21.4876702986651,19.79853038319704
2025-10-24 15:42:44.947401,19,21.660973129053776,19.897991405653165
2025-10-24 15:44:14.769378,20,21.4876702986651,19.79853038319704
2025-10-24 15:46:14.940054,20,21.545437908794664,19.183863865193242
2025-10-24 15:47:14.406892,20,21.20391222283583,19.124781659697078
2025-10-24 15:48:45.102558,18,21.545437908794664,19.183863865193242
2025-10-24 15:54:44.344367,19,21.660973129053776,19.897991405653165
2025-10-24 15:57:14.416145,20,21.545437908794664,19.183863865193242
2025-10-24 15:59:14.941881,20,21.603205518924216,19.228287962037957
2025-10-24 16:00:14.378039,18,21.617599387157973,19.571686451207153
2025-10-24 16:05:44.762496,19,21.55983177702842,19.69407476550512
2025-10-24 16:08:14.950887,19,21.55983177702842,19.69407476550512
2025-10-24 16:09:14.943422,20,21.617599387157973,19.571686451207153
2025-10-24 16:10:14.380874,21,21.55983177702842,19.69407476550512
2025-10-24 16:11:44.380190,18,21.617599387157973,19.571686451207153
2025-10-24 16:12:14.940501,18,21.73313460741709,20.32969831094831
2025-10-24 16:12:44.327673,20,21.675366997287536,19.45784377627875
2025-10-24 16:15:14.388781,20,21.617599387157973,19.571686451207153
2025-10-24 16:15:44.945119,19,21.617599387157973,19.571686451207153
2025-10-24 16:21:13.326844,20,21.675366997287536,19.45784377627875
2025-10-24 16:25:44.321306,19,21.90135746298726,19.506180268805252
2025-10-24 16:26:14.943680,21,21.90135746298726,19.506180268805252
2025-10-24 16:26:44.949287,20,21.90135746298726,19.506180268805252
2025-10-24 16:27:44.946090,21,21.675366997287536,19.45784377627875
2025-10-24 16:30:14.939874,20,21.843589852857708,19.399285603285602
2025-10-24 16:35:14.931461,19,21.675366997287536,19.45784377627875
2025-10-24 16:37:44.949844,19,21.95912507311682,19.943267676767682
2025-10-24 16:38:44.437111,19,21.95912507311682,19.943267676767682
2025-10-24 16:40:14.933068,18,21.95912507311682,19.943267676767682
2025-10-24 16:41:14.766980,20,21.7137524099319,19.134077979004733
2025-10-24 16:42:14.863627,20,21.95912507311682,19.943267676767682
2025-10-24 16:46:13.770676,20,22.016892683246372,19.998873015873016
2025-10-24 16:47:14.762935,21,21.675366997287536,19.45784377627875
2025-10-24 16:51:14.315249,19,22.190195513635036,19.559026455026455
2025-10-24 16:53:14.321174,21,22.536801174412375,20.474166666666665
2025-10-24 16:55:14.947464,19,22.30573073389415,20.017907647907656
2025-10-24 16:59:14.938253,19,22.479033564282815,19.58037698412699
2025-10-24 17:00:15.096818,19,22.66673026290524,20.639166666666668
2025-10-24 17:02:43.793893,21,23.123791169123187,20.97738095238095
2025-10-24 17:07:14.666536,21,23.123791169123187,20.97738095238095
2025-10-24 17:09:14.384540,19,23.01333592368258,20.677532153032136
2025-10-24 17:09:44.934517,21,23.354861609641404,20.810942760942766
2025-10-24 17:11:13.768334,21,23.18155877925274,20.518952140452143
2025-10-24 17:12:44.938200,20,23.239326389382292,20.882274816414515
2025-10-24 17:15:14.821087,20,23.239326389382292,20.882274816414515
2025-10-24 17:16:44.939234,20,23.354861609641404,20.810942760942766
2025-10-24 17:20:44.957511,19,23.18155877925274,20.518952140452143
2025-10-24 17:21:14.875015,20,23.18155877925274,20.518952140452143
2025-10-24 17:22:44.812271,24,23.470396829900515,21.0287839105339
2025-10-24 17:28:44.954043,21,23.58593205015963,22.016439613410274
2025-10-24 17:29:14.960738,22,23.643699660289183,22.812950096200094
2025-10-24 17:34:44.797171,22,23.528164440030068,21.98888888888889
2025-10-24 17:35:44.360176,23,23.869690125988914,22.054863997113983
2025-10-24 17:45:14.881434,24,24.042992956377578,21.775925400579798
2025-10-24 17:46:14.444606,23,23.927457736118466,22.16809680134679
2025-10-24 17:47:14.966469,22,23.759234880548295,22.020962204462204
2025-10-24 17:48:14.880590,21,23.985225346248026,22.015474879638194
2025-10-24 17:55:44.969543,22,23.985225346248026,22.015474879638194
2025-10-24 17:57:44.964471,22,23.759234880548295,22.020962204462204
2025-10-24 17:58:14.957898,22,23.701467270418743,21.398149287531645
2025-10-24 17:59:14.768072,22,23.985225346248026,22.015474879638194
2025-10-24 18:00:14.961789,22,23.600325918393388,21.75336021488571
2025-10-24 18:01:14.782922,22,23.715861138652503,21.101711843711843
2025-10-24 18:02:44.407386,23,23.65809352852294,22.351622039137922
2025-10-24 18:03:43.813688,24,23.941851604352227,22.667296296296293
2025-10-24 18:05:14.959370,24,23.65809352852294,22.351622039137922
2025-10-24 18:07:14.849366,21,23.600325918393388,21.75336021488571
2025-10-24 18:12:44.692022,22,23.54255830826383,21.825799782948557
2025-10-24 18:13:14.388114,22,23.54255830826383,21.825799782948557
2025-10-24 18:14:14.393287,22,23.65809352852294,22.351622039137922
2025-10-24 18:17:14.960786,23,23.54255830826383,21.825799782948557
2025-10-24 18:20:44.962483,22,23.65809352852294,22.351622039137922
2025-10-24 18:21:44.953936,22,23.54255830826383,21.825799782948557
2025-10-24 18:22:14.403177,22,23.54255830826383,21.825799782948557
2025-10-24 18:23:14.957840,23,23.600325918393388,21.75336021488571
2025-10-24 18:23:44.954596,24,23.600325918393388,21.75336021488571
2025-10-24 18:25:45.287867,22,23.65809352852294,22.351622039137922
2025-10-24 18:28:44.951654,22,23.600325918393388,21.75336021488571
2025-10-24 18:31:14.427610,21,23.484790698134276,22.442874381191327
2025-10-24 18:33:44.440977,20,23.427023088004724,21.44353995568702
2025-10-24 18:39:14.879354,21,24.31178249045521,21.5605613033196
2025-10-24 18:39:44.885862,21,24.36955010058477,21.61234349769396
2025-10-24 18:40:44.742657,22,24.196247270196107,21.675956349206356
2025-10-24 18:41:45.185838,21,24.100094247422184,21.675956349206356
2025-10-24 18:43:14.801091,20,23.427023088004724,21.44353995568702
2025-10-24 18:43:44.938091,22,23.427023088004724,21.44353995568702
2025-10-24 18:48:14.337293,21,23.884083994222674,22.322332770056455
2025-10-24 18:50:44.951177,23,23.82631638409311,23.3782558922559
2025-10-24 18:53:44.394545,25,23.884083994222674,22.322332770056455
2025-10-24 18:54:14.772546,24,23.941851604352227,22.667296296296293
2025-10-24 18:55:43.775414,24,23.941851604352227,22.667296296296293
2025-10-24 18:59:44.957723,28,24.05738682461134,25.258180856180854
2025-10-24 19:05:14.947067,26,24.12954830297465,25.252962962962958
2025-10-24 19:07:14.952060,26,24.471073988933494,26.66592104192106
2025-10-24 19:12:14.951381,25,24.245083523233763,27.269009018759014
2025-10-24 19:20:44.953281,24,24.471073988933494,26.66592104192106
2025-10-24 19:26:44.284953,27,24.702144429451714,27.082895143172014
2025-10-24 19:28:44.875810,24,24.64437681932216,27.095897031399105
2025-10-24 19:29:45.261483,27,24.58660920919261,26.811928680727014
2025-10-24 19:31:44.438812,26,24.64437681932216,27.095897031399105
2025-10-24 19:33:13.759707,29,24.64437681932216,27.095897031399105
2025-10-24 19:37:14.866887,27,24.759912039581273,27.99386452246011
2025-10-24 19:43:15.305834,28,24.702144429451714,27.082895143172014
2025-10-24 19:43:44.805301,27,24.702144429451714,27.082895143172014
2025-10-24 19:44:14.942142,27,24.64437681932216,27.095897031399105
2025-10-24 19:45:14.937672,28,24.64437681932216,27.095897031399105
2025-10-24 19:54:15.371074,27,25.101437725540098,27.62067748917748
2025-10-24 20:02:14.277619,26,25.058063983644306,27.919670225486037
2025-10-24 20:05:44.947144,25,25.11583159377386,27.297989380989385
2025-10-24 20:08:14.924202,27,25.289134424162523,26.355581649831663
2025-10-24 20:12:44.925444,26,24.884761153255642,26.995450825991455
2025-10-24 20:31:44.911574,30,24.65877068755592,26.380535048135012
2025-10-24 20:34:44.411747,27,24.543235467296807,26.59505008880008
2025-10-24 20:35:44.396481,24,24.543235467296807,26.59505008880008
2025-10-24 20:36:45.115861,28,24.485467857167254,26.900312058312064
2025-10-24 20:38:44.923973,26,24.485467857167254,26.900312058312064
2025-10-24 20:41:44.915873,26,24.601003077426366,27.052197775564643
2025-10-24 20:44:44.906538,27,24.20170978133797,26.278863756613763
2025-10-24 20:46:44.917187,25,24.20170978133797,26.278863756613763
2025-10-24 20:47:44.911868,26,24.14394217120841,25.928190476190473
2025-10-24 20:49:44.294015,29,24.543235467296807,26.59505008880008
2025-10-24 20:51:44.447707,27,24.259477391467524,26.37776114626114
2025-10-24 20:55:14.807675,27,24.20170978133797,26.278863756613763
2025-10-24 20:55:44.916435,25,24.427700247037695,26.76319179894181
2025-10-24 20:59:14.904773,24,24.427700247037695,26.76319179894181
2025-10-24 21:02:14.315406,28,24.100568429312617,26.183978990522714
2025-10-24 21:02:44.773579,27,24.21610364957173,25.646164770958908
2025-10-24 21:05:44.912520,28,24.3843265051419,26.019089466089458
2025-10-24 21:06:14.924322,25,24.15833603944217,24.097194435738558
2025-10-24 21:07:44.372920,26,24.326558895012347,26.53219570244573
2025-10-24 21:08:14.924390,26,24.326558895012347,26.53219570244573
2025-10-24 21:09:44.927617,29,24.100568429312617,26.183978990522714
2025-10-24 21:10:14.917829,26,24.042800819183064,26.04579202489581
2025-10-24 21:12:15.064988,26,24.3843265051419,26.019089466089458
2025-10-24 21:17:44.853349,27,24.042800819183064,26.04579202489581
2025-10-24 21:18:14.905849,27,24.100568429312617,26.183978990522714
2025-10-24 21:19:44.274617,24,24.042800819183064,26.04579202489581
2025-10-24 21:21:14.324175,25,24.100568429312617,26.183978990522714
2025-10-24 21:27:44.759470,26,24.042800819183064,26.04579202489581
2025-10-24 21:28:44.914597,26,24.268791284882788,25.889439063201444
2025-10-24 21:29:44.224542,25,24.211023674753235,25.765995398120403
2025-10-24 21:31:44.274519,24,24.268791284882788,25.889439063201444
2025-10-24 21:33:44.843563,27,24.100568429312617,26.183978990522714
2025-10-24 21:35:14.842559,27,23.985033209053505,25.503454084540287
2025-10-24 21:36:14.291884,24,24.042800819183064,26.04579202489581
2025-10-24 21:39:14.970098,25,24.042800819183064,26.04579202489581
2025-10-24 21:43:43.812477,26,24.042800819183064,26.04579202489581
2025-10-24 21:50:14.828253,27,23.927265598923952,25.78109170227889
2025-10-24 21:50:44.350715,26,24.268791284882788,25.889439063201444
2025-10-24 21:51:44.220284,26,23.869497988794393,25.394622109372097
2025-10-24 21:55:15.002281,26,23.81173037866484,25.167446176916762
2025-10-24 21:55:45.119713,25,23.927265598923952,25.78109170227889
2025-10-24 21:56:14.752834,24,24.03772084436457,25.364633913879306
2025-10-24 21:57:15.126993,27,23.869497988794393,25.394622109372097
2025-10-24 21:57:44.917698,26,24.211023674753235,25.765995398120403
2025-10-24 22:03:14.927079,25,24.109882322727884,25.152714588029223
2025-10-24 22:05:14.911264,25,23.941659467157713,23.70234884337942
2025-10-24 22:12:44.910437,25,23.768356636769045,24.212658653924905
2025-10-24 22:13:14.249392,26,24.167649932857437,25.22074946948476
2025-10-24 22:14:44.906680,26,23.88389185702815,24.282892091120303
2025-10-24 22:16:14.893074,24,23.768356636769045,24.212658653924905
2025-10-24 22:19:44.901471,22,23.88389185702815,24.282892091120303
2025-10-24 22:22:14.898583,24,23.768356636769045,24.212658653924905
2025-10-24 22:24:44.826373,25,24.109882322727884,25.152714588029223
2025-10-24 22:25:44.783828,24,24.109882322727884,25.152714588029223
2025-10-24 22:29:44.749997,24,23.710589026639486,24.659179302179304
2025-10-24 22:31:13.774445,26,23.826124246898598,24.9109783335
2025-10-24 22:32:44.751959,25,23.768356636769045,24.212658653924905
2025-10-24 22:35:15.194132,26,23.768356636769045,24.212658653924905
2025-10-24 22:37:44.899170,23,24.052114712598332,24.68356912959099
2025-10-24 22:38:14.226740,23,23.768356636769045,24.212658653924905
2025-10-24 22:39:44.895766,25,23.710589026639486,24.659179302179304
2025-10-24 22:40:44.807096,24,23.768356636769045,24.212658653924905
2025-10-24 22:46:44.320901,26,23.99434710246877,24.81691142191142
2025-10-24 22:47:44.887136,24,24.052114712598332,24.68356912959099
2025-10-24 22:49:44.893436,23,23.99434710246877,24.81691142191142
2025-10-24 22:51:45.553642,25,23.710589026639486,24.659179302179304
2025-10-24 22:52:44.886233,24,23.99434710246877,24.81691142191142
2025-10-24 22:54:14.891586,23,24.052114712598332,24.68356912959099
2025-10-24 22:58:14.876379,24,24.052114712598332,24.68356912959099
2025-10-24 22:58:44.876687,23,23.652821416509934,24.986542328042333
2025-10-24 23:05:14.759932,25,23.782750505002806,23.431154401154398
2025-10-24 23:07:14.733391,24,23.724982894873246,24.28459776334776
2025-10-24 23:11:45.202923,24,23.950973360572977,23.70796425437639
2025-10-24 23:14:15.211966,24,23.950973360572977,23.70796425437639
2025-10-24 23:16:44.873993,24,23.950973360572977,23.70796425437639
2025-10-24 23:19:14.758348,25,23.950973360572977,23.70796425437639
2025-10-24 23:22:14.878274,25,23.893205750443418,23.114702335065623
2025-10-24 23:23:45.097259,24,23.950973360572977,23.70796425437639
2025-10-24 23:24:14.866623,24,23.950973360572977,23.70796425437639
2025-10-24 23:35:14.868742,25,23.893205750443418,23.114702335065623
2025-10-24 23:38:14.873234,22,23.835438140313865,23.521666510519072
2025-10-24 23:42:44.275388,25,23.55168006448458,23.80700565175565
2025-10-24 23:49:14.868442,26,23.893205750443418,23.114702335065623
2025-10-24 23:49:44.200864,25,23.950973360572977,23.70796425437639
2025-10-24 23:52:44.249046,23,23.893205750443418,23.114702335065623
2025-10-24 23:57:44.166377,23,23.893205750443418,23.114702335065623
2025-10-24 23:59:14.779779,23,23.835438140313865,23.521666510519072
2025-10-25 00:00:44.241210,23,19.16543174459306,22.211338402954112
2025-10-25 00:01:15.197901,21,19.1076641344635,23.37871393939739
2025-10-25 00:09:14.877958,22,18.992128914204397,22.114055857184244
2025-10-25 00:14:14.232026,25,19.04989652433395,22.11042160709487
2025-10-25 00:15:14.157745,21,19.04989652433395,22.11042160709487
2025-10-25 00:16:13.738084,23,19.04989652433395,22.11042160709487
2025-10-25 00:18:14.202987,23,18.992128914204397,22.114055857184244
2025-10-25 00:18:43.738190,23,18.992128914204397,22.114055857184244
2025-10-25 00:20:44.247471,22,19.04989652433395,22.11042160709487
2025-10-25 00:21:14.598017,22,19.04989652433395,22.11042160709487
2025-10-25 00:22:14.788844,21,18.992128914204397,22.114055857184244
2025-10-25 00:23:15.188001,22,18.992128914204397,22.114055857184244
2025-10-25 00:26:44.869762,24,19.16543174459306,22.211338402954112
2025-10-25 00:27:14.195745,22,19.04989652433395,22.11042160709487
2025-10-25 00:30:14.862145,22,18.934361304074834,21.728993129992357
2025-10-25 00:30:45.213622,22,19.04989652433395,22.11042160709487
2025-10-25 00:39:14.751836,22,19.04989652433395,22.11042160709487
2025-10-25 00:39:44.879506,22,18.992128914204397,22.114055857184244
2025-10-25 00:41:14.225090,21,18.992128914204397,22.114055857184244
2025-10-25 00:42:14.558479,24,18.934361304074834,21.728993129992357
2025-10-25 00:43:14.866243,22,18.934361304074834,21.728993129992357
2025-10-25 00:46:45.194895,22,19.04989652433395,22.11042160709487
2025-10-25 00:51:14.725818,22,18.934361304074834,21.728993129992357
2025-10-25 00:56:44.893858,23,18.934361304074834,21.728993129992357
2025-10-25 01:00:14.873866,22,18.948755172308594,21.081394389700016
2025-10-25 01:02:14.870298,20,18.948755172308594,21.081394389700016
2025-10-25 01:03:14.864373,21,18.948755172308594,21.081394389700016
2025-10-25 01:03:44.860581,21,18.948755172308594,21.081394389700016
2025-10-25 01:06:45.202546,22,19.006522782438154,21.427334499469303
2025-10-25 01:12:14.730432,21,18.890987562179042,20.72969156852507
2025-10-25 01:14:44.881691,21,19.174745638008318,20.676171450373882
2025-10-25 01:24:15.513761,23,18.890987562179042,20.72969156852507
2025-10-25 01:24:44.151513,20,19.23251324813787,21.86912642285834
2025-10-25 01:29:15.202594,21,18.948755172308594,21.081394389700016
2025-10-25 01:30:14.873336,22,19.174745638008318,20.676171450373882
2025-10-25 01:34:44.872718,22,18.890987562179042,20.72969156852507
2025-10-25 01:37:15.203162,21,19.116978027878755,20.654889564139577
2025-10-25 01:40:14.869281,21,18.890987562179042,20.72969156852507
2025-10-25 01:40:43.787779,21,18.890987562179042,20.72969156852507
2025-10-25 01:43:14.871492,20,18.948755172308594,21.081394389700016
2025-10-25 01:43:45.126634,20,19.116978027878755,20.654889564139577
2025-10-25 01:45:14.150756,19,19.174745638008318,20.676171450373882
2025-10-25 01:47:15.208647,20,18.890987562179042,20.72969156852507
2025-10-25 01:47:44.814786,21,19.174745638008318,20.676171450373882
2025-10-25 01:52:14.254022,20,19.116978027878755,20.654889564139577
2025-10-25 01:55:45.203559,21,19.116978027878755,20.654889564139577
2025-10-25 01:56:14.180088,19,18.948755172308594,21.081394389700016
2025-10-25 02:02:14.876295,20,18.905381430412803,19.319521764602772
2025-10-25 02:02:44.874351,22,18.78984621015369,19.991813760313754
2025-10-25 02:06:15.209094,22,19.073604285982963,19.521468235236213
2025-10-25 02:07:44.879553,20,19.189139506242075,19.926728307079184
2025-10-25 02:11:14.870025,20,18.905381430412803,19.319521764602772
2025-10-25 02:16:43.220388,20,19.073604285982963,19.521468235236213
2025-10-25 02:22:14.868165,20,19.131371896112515,19.50426930854534
2025-10-25 02:29:15.122213,19,19.073604285982963,19.521468235236213
2025-10-25 02:29:44.861825,21,19.131371896112515,19.50426930854534
2025-10-25 02:36:14.867336,20,19.073604285982963,19.521468235236213
2025-10-25 02:45:14.136829,19,19.073604285982963,19.521468235236213
2025-10-25 02:46:44.723269,19,19.01583667585341,19.561157663698527
2025-10-25 02:48:14.201976,19,18.73207860002414,19.978649533799533
2025-10-25 02:50:14.156535,19,19.01583667585341,19.561157663698527
2025-10-25 02:52:45.105486,19,19.073604285982963,19.521468235236213
2025-10-25 02:53:14.860121,18,19.073604285982963,19.521468235236213
2025-10-25 02:58:44.896771,20,19.073604285982963,19.521468235236213
2025-10-25 03:01:43.715505,19,19.087998154216724,18.899176037924065
2025-10-25 03:03:44.867788,18,19.03023054408717,19.046262722799312
2025-10-25 03:05:44.124832,19,19.087998154216724,18.899176037924065
2025-10-25 03:07:14.865317,19,19.087998154216724,18.899176037924065
2025-10-25 03:08:45.177757,19,19.087998154216724,18.899176037924065
2025-10-25 03:11:14.861416,19,19.087998154216724,18.899176037924065
2025-10-25 03:11:44.119918,18,19.03023054408717,19.046262722799312
2025-10-25 03:12:14.857590,19,19.087998154216724,18.899176037924065
2025-10-25 03:23:44.183941,19,19.087998154216724,18.899176037924065
2025-10-25 03:26:14.191511,20,19.03023054408717,19.046262722799312
2025-10-25 03:28:14.720096,19,19.087998154216724,18.899176037924065
2025-10-25 03:29:44.218902,18,19.03023054408717,19.046262722799312
2025-10-25 03:30:14.114849,20,19.03023054408717,19.046262722799312
2025-10-25 03:35:14.857380,19,19.03023054408717,19.046262722799312
2025-10-25 03:50:44.168583,20,19.03023054408717,19.046262722799312
2025-10-25 03:52:14.852117,19,19.03023054408717,19.046262722799312
2025-10-25 03:58:14.848291,18,18.97246293395761,19.080328599846315
2025-10-25 04:00:14.767063,18,18.98685680219137,18.53844947347626
2025-10-25 04:01:14.793037,18,19.04462441232093,18.996726267010693
2025-10-25 04:02:45.181754,18,19.04462441232093,18.996726267010693
2025-10-25 04:07:44.209251,20,18.929089192061817,18.46937984857799
2025-10-25 04:09:14.763168,18,18.98685680219137,18.53844947347626
2025-10-25 04:11:44.851597,19,19.2128472678911,18.609345347548906
2025-10-25 04:12:14.849622,19,19.270614878020652,18.182236917222223
2025-10-25 04:13:44.159642,19,18.929089192061817,18.46937984857799
2025-10-25 04:15:44.858097,20,18.98685680219137,18.53844947347626
2025-10-25 04:16:14.847460,19,18.98685680219137,18.53844947347626
2025-10-25 04:22:44.859596,19,18.98685680219137,18.53844947347626
2025-10-25 04:28:44.945492,18,18.929089192061817,18.46937984857799
2025-10-25 04:31:14.677442,19,18.98685680219137,18.53844947347626
2025-10-25 04:31:44.860573,18,19.270614878020652,18.182236917222223
2025-10-25 04:32:44.847567,18,18.929089192061817,18.46937984857799
2025-10-25 04:35:14.843101,18,18.929089192061817,18.46937984857799
2025-10-25 04:37:44.857034,19,18.98685680219137,18.53844947347626
2025-10-25 04:38:44.712841,19,18.98685680219137,18.53844947347626
2025-10-25 04:40:14.826039,20,18.813553971802705,18.73650526966496
2025-10-25 04:41:13.109261,18,18.98685680219137,18.53844947347626
2025-10-25 04:43:44.843927,18,18.98685680219137,18.53844947347626
2025-10-25 04:48:13.695774,18,18.929089192061817,18.46937984857799
2025-10-25 04:51:44.673913,20,19.270614878020652,18.182236917222223
2025-10-25 04:55:14.828257,18,19.2128472678911,18.609345347548906
2025-10-25 04:59:14.659379,18,19.2128472678911,18.609345347548906
2025-10-25 04:59:44.828666,18,19.2128472678911,18.609345347548906
2025-10-25 05:01:44.850201,18,19.00125067042513,18.851730433377828
2025-10-25 05:05:14.655677,18,19.1694735259953,18.20513156408062
2025-10-25 05:05:45.172173,19,18.943483060295577,18.55354238709348
2025-10-25 05:08:44.105170,18,19.285008746254412,18.612854737854747
2025-10-25 05:10:13.694404,19,19.22724113612486,18.239408005798097
2025-10-25 05:12:44.833736,18,19.1694735259953,18.20513156408062
2025-10-25 05:18:14.657588,18,19.1694735259953,18.20513156408062
2025-10-25 05:21:14.820940,19,19.1694735259953,18.20513156408062
2025-10-25 05:23:44.844119,19,18.885715450166018,18.03022745935981
2025-10-25 05:25:44.708434,18,19.22724113612486,18.239408005798097
2025-10-25 05:27:14.640744,17,19.11170591586575,18.447799681799683
2025-10-25 05:28:14.821964,18,19.1694735259953,18.20513156408062
2025-10-25 05:33:13.648721,17,19.11170591586575,18.447799681799683
2025-10-25 05:33:44.691123,20,19.1694735259953,18.20513156408062
2025-10-25 05:38:44.653239,18,19.1694735259953,18.20513156408062
2025-10-25 05:39:14.819499,18,19.22724113612486,18.239408005798097
2025-10-25 05:39:44.813297,19,19.22724113612486,18.239408005798097
2025-10-25 05:40:45.095688,19,19.1694735259953,18.20513156408062
2025-10-25 05:41:14.641579,17,19.1694735259953,18.20513156408062
2025-10-25 05:55:44.496626,18,19.11170591586575,18.447799681799683
2025-10-25 05:56:14.822577,18,19.1694735259953,18.20513156408062
2025-10-25 05:57:14.823531,18,19.1694735259953,18.20513156408062
2025-10-25 05:58:44.830451,18,19.1694735259953,18.20513156408062
2025-10-25 05:59:14.819648,19,19.1694735259953,18.20513156408062
2025-10-25 06:03:44.120795,18,19.18386739422906,18.127181784086076
2025-10-25 06:04:45.623445,19,19.12609978409951,18.323418084738588
2025-10-25 06:05:44.074855,18,19.299402614488173,18.014997400747404
2025-10-25 06:06:44.799719,18,19.299402614488173,18.014997400747404
2025-10-25 06:07:14.818467,17,19.18386739422906,18.127181784086076
2025-10-25 06:08:14.814823,18,19.12609978409951,18.323418084738588
2025-10-25 06:08:44.049187,17,19.18386739422906,18.127181784086076
2025-10-25 06:10:44.836985,19,19.18386739422906,18.127181784086076
2025-10-25 06:19:14.075775,18,19.12609978409951,18.323418084738588
2025-10-25 06:20:14.133602,18,19.18386739422906,18.127181784086076
2025-10-25 06:21:14.657571,18,19.18386739422906,18.127181784086076
2025-10-25 06:22:43.666775,18,19.12609978409951,18.323418084738588
2025-10-25 06:23:14.803143,19,19.18386739422906,18.127181784086076
2025-10-25 06:23:44.747027,17,19.12609978409951,18.323418084738588
2025-10-25 06:24:44.709568,20,19.299402614488173,18.014997400747404
2025-10-25 06:33:44.033670,18,19.068332173969957,18.020003105282516
2025-10-25 06:34:14.806288,19,19.453323247391655,17.303568783068787
2025-10-25 06:35:44.044379,17,19.22225280687343,17.859250786250776
2025-10-25 06:36:45.205173,18,19.22225280687343,17.859250786250776
2025-10-25 06:37:14.692124,18,19.395555637262095,18.493256132756134
2025-10-25 06:38:14.808312,19,19.395555637262095,18.493256132756134
2025-10-25 06:40:14.798594,17,19.16448519674388,17.909497768027183
2025-10-25 06:41:44.654085,17,19.337788027132543,18.97780677655678
2025-10-25 06:42:44.075410,18,19.395555637262095,18.493256132756134
2025-10-25 06:49:44.964230,19,19.318405829647354,18.0379951440172
2025-10-25 06:51:45.155301,20,19.202870609388242,18.790214590964588
2025-10-25 06:54:14.062578,21,19.202870609388242,18.790214590964588
2025-10-25 06:58:14.384085,19,19.318405829647354,18.0379951440172
2025-10-25 07:00:14.106097,19,19.217264477622,18.208435185185174
2025-10-25 07:00:45.053098,17,19.371185110525484,18.0046302956303
2025-10-25 07:03:44.812492,18,19.371185110525484,18.0046302956303
2025-10-25 07:06:44.817976,18,19.31341750039592,17.392618261368252
2025-10-25 07:11:44.673497,18,19.56349115607333,18.22203000119475
2025-10-25 07:16:14.796941,19,19.50572354594377,17.66907294557295
2025-10-25 07:22:45.151448,18,19.447955935814218,17.0847619047619
2025-10-25 07:25:15.061232,19,19.50572354594377,17.66907294557295
2025-10-25 07:27:14.801309,18,19.447955935814218,17.0847619047619
2025-10-25 07:30:14.800664,18,19.601876568717692,17.980169312169316
2025-10-25 07:30:44.802938,17,19.54410895858814,18.462328042328046
2025-10-25 07:31:15.039341,17,19.54410895858814,18.462328042328046
2025-10-25 07:33:14.809045,18,19.601876568717692,17.980169312169316
2025-10-25 07:35:14.790724,17,19.54410895858814,18.462328042328046
2025-10-25 07:36:14.086213,19,19.260350882758853,18.499513227513226
2025-10-25 07:39:14.796232,17,19.755797201621174,17.21790231990232
2025-10-25 07:48:14.790141,17,19.356503905532776,17.80828968253968
2025-10-25 07:53:44.810068,18,19.452656928306702,18.34116247178747
2025-10-25 07:58:44.704740,17,19.337121708047587,18.278399942649965
2025-10-25 07:59:44.793923,18,19.452656928306702,18.34116247178747
2025-10-25 08:00:14.568139,19,19.659356842088304,18.354638888888882
2025-10-25 08:04:14.616017,19,19.601589231958744,18.48025396825397
2025-10-25 08:10:44.076631,20,19.293368983825786,20.93013492063492
2025-10-25 08:12:44.555800,21,19.35113659395534,19.711000000000006
2025-10-25 08:16:44.783515,19,19.505057226858813,18.97492695932092
2025-10-25 08:18:14.423788,18,19.505057226858813,18.97492695932092
2025-10-25 08:25:44.778453,20,19.505057226858813,18.97492695932092
2025-10-25 08:26:44.773107,19,19.639595662277106,19.438685437656027
2025-10-25 08:27:44.670011,20,19.69736327240666,19.227152060902046
2025-10-25 08:30:44.781635,18,19.755130882536218,18.5678373015873
2025-10-25 08:34:14.373500,18,19.69736327240666,19.227152060902046
2025-10-25 08:34:44.078698,19,19.79351629518058,18.481951724201725
2025-10-25 08:37:14.721926,18,19.79351629518058,18.481951724201725
2025-10-25 08:38:44.022235,18,19.85128390531014,18.699699337699336
2025-10-25 08:41:14.052373,17,19.79351629518058,18.481951724201725
2025-10-25 08:42:44.769576,19,19.50975821935131,18.958999999999996
2025-10-25 08:43:44.780660,20,19.79351629518058,18.481951724201725
2025-10-25 08:49:14.056684,18,19.73574868505103,19.20676496923558
2025-10-25 08:51:44.635294,19,19.490376021866126,18.993055555555557
2025-10-25 08:52:44.765932,20,19.54814363199568,18.93894444444445
2025-10-25 08:55:14.766050,18,19.58652904464005,19.017902116402112
2025-10-25 08:55:44.013640,19,19.702064264899153,18.269555555555552
2025-10-25 09:01:14.065706,18,19.889381981195577,19.318849206349206
2025-10-25 09:01:44.020390,19,19.94714959132513,18.69511652236653
2025-10-25 09:08:14.508445,18,20.37014709506519,18.708817460317462
2025-10-25 09:12:44.757330,18,19.644009318010653,18.187642857142862
2025-10-25 09:14:44.799191,17,20.067006821750716,18.509746031746037
2025-10-25 09:15:44.693401,18,19.644009318010653,18.187642857142862
2025-10-25 09:16:14.761527,19,19.869999783710387,19.41466666666667
2025-10-25 09:17:44.758235,19,19.54785629523673,18.04161507936509
2025-10-25 09:18:44.769657,18,19.393935662333256,18.838923160173152
2025-10-25 09:24:44.766221,18,19.490088685107178,18.676873015873028
2025-10-25 09:25:14.762137,18,19.43232107497762,19.776402504902514
2025-10-25 09:27:14.018114,19,19.43232107497762,19.776402504902514
2025-10-25 09:28:14.614262,17,19.43232107497762,19.776402504902514
2025-10-25 09:28:44.612844,19,19.374553464848066,17.59166269841269
2025-10-25 09:33:14.904824,18,19.52847409775154,19.6968032985533
2025-10-25 09:33:44.759843,19,19.186948411792706,18.203555555555557
2025-10-25 09:36:14.501792,18,20.552472928112813,19.290301587301588
2025-10-25 09:36:44.598011,19,20.590858340757176,19.143473063973065
2025-10-25 09:37:44.751215,18,20.336083692587295,17.614277777777783
2025-10-25 09:38:14.397639,19,20.720695783682984,18.390039682539697
2025-10-25 09:43:15.127680,19,20.05232561675801,17.386055555555558
2025-10-25 09:45:14.742078,19,20.05232561675801,17.386055555555558
2025-10-25 09:46:44.502066,19,19.6867167408215,19.393333333333334
2025-10-25 09:48:44.297585,19,19.609945915532766,18.096666666666668
2025-10-25 09:52:44.766461,18,19.205951626951887,18.445096320346327
2025-10-25 09:55:14.046298,18,19.03302777888923,17.473055555555558
2025-10-25 09:57:44.751184,19,18.917492558630116,18.290588864838867
2025-10-25 10:04:44.400329,20,18.98965403699343,18.491723905723898
2025-10-25 10:08:14.748923,18,18.931886426863876,18.801559163059164
2025-10-25 10:10:43.929328,19,19.0280394496378,18.201055186554903
2025-10-25 10:19:14.009173,19,19.0280394496378,18.201055186554903
2025-10-25 10:20:14.069437,18,19.08580705976735,17.55958671802054
2025-10-25 10:20:44.855344,19,18.893501014219506,18.137241101491103
2025-10-25 10:27:14.738805,19,19.278113105315196,17.538873015873016
2025-10-25 10:28:44.970241,17,19.162577885056084,18.36166054891673
2025-10-25 10:30:14.029360,19,19.316498517959566,18.03514661264661
2025-10-25 10:32:14.467728,18,19.162577885056084,18.36166054891673
2025-10-25 10:33:44.039881,18,19.162577885056084,18.36166054891673
2025-10-25 10:34:44.567329,17,19.104810274926532,18.00766824841824
2025-10-25 10:41:44.054219,18,18.82105219909726,17.865817219817213
2025-10-25 10:45:44.611192,19,19.162577885056084,18.36166054891673
2025-10-25 10:55:44.074374,18,18.931507444537868,17.766111111111112
2025-10-25 10:58:14.725211,17,18.6430483762161,17.885523809523807
2025-10-25 11:00:44.720231,16,18.080524107806323,18.67838888888889
2025-10-25 11:05:14.723994,17,18.099527322965503,17.978166666666667
2025-10-25 11:06:14.506257,18,17.758001637006668,17.803333333333335
2025-10-25 11:07:44.717545,18,18.258148948361473,17.62638888888889
2025-10-25 11:08:15.020275,18,18.104228315457995,17.386666666666667
2025-10-25 11:08:44.009766,19,18.445754001416823,17.856666666666666
2025-10-25 11:11:14.741331,18,18.084846117972806,17.622128306878306
2025-10-25 11:13:14.453574,20,18.046460705328435,17.670833333333334
2025-10-25 11:14:44.715468,19,18.488840406553688,17.582992063492064
2025-10-25 11:16:43.996468,18,18.681146452101533,18.024150793650794
2025-10-25 11:21:14.704370,20,18.681146452101533,18.024150793650794
2025-10-25 11:23:43.989674,19,18.392308401453754,16.753162217412214
2025-10-25 11:24:44.732616,17,18.623378841971974,18.422027777777778
2025-10-25 11:25:14.015297,18,18.50784362171286,17.845844482859192
2025-10-25 11:27:14.490376,18,18.450076011583306,18.00023168498168
2025-10-25 11:28:13.505298,20,18.733834087412582,18.227273781773782
2025-10-25 11:34:44.031805,19,18.276773181194642,17.64116402116402
2025-10-25 11:39:44.682675,17,18.1996233735799,17.621164502164515
2025-10-25 11:40:14.679389,17,18.315158593839005,17.948880952380946
2025-10-25 11:40:44.426178,18,18.257390983709453,17.974174603174607
2025-10-25 11:41:45.081825,19,18.315158593839005,17.948880952380946
2025-10-25 11:43:44.499336,18,18.08408815332079,17.363984126984125
2025-10-25 11:45:44.058687,17,18.08408815332079,17.363984126984125
2025-10-25 11:48:14.685749,19,18.14185576345034,17.98064814814815
2025-10-25 11:54:44.032740,17,17.877100902780235,16.386249999999997
2025-10-25 12:03:44.494912,18,18.12256521153222,17.427793650793646
2025-10-25 12:05:14.466048,18,17.949262381143548,17.745046296296294
2025-10-25 12:06:44.689630,18,17.833727160884443,16.98052577977578
2025-10-25 12:08:14.458126,17,17.891494771013996,17.416594322344324
2025-10-25 12:12:14.665697,18,17.929880183658366,17.213327367077362
2025-10-25 12:13:44.064693,17,17.75657735326969,17.644005291005296
2025-10-25 12:14:44.056276,19,17.69880974314014,17.003800264550264
2025-10-25 12:18:44.532325,17,17.71819194062533,17.96872354497355
2025-10-25 12:21:14.662924,17,17.487121500107104,16.769444444444442
2025-10-25 12:22:44.678655,18,17.75657735326969,17.644005291005296
2025-10-25 12:24:44.559142,17,17.69880974314014,17.003800264550264
2025-10-25 12:25:44.659856,17,17.583274522881027,16.384351851851854
2025-10-25 12:31:44.354556,17,17.51120469008479,17.56396801346801
2025-10-25 12:33:14.083610,17,18.045036421591462,16.580694444444443
2025-10-25 12:38:14.655477,17,17.53020790524397,17.69061111111111
2025-10-25 12:40:44.923072,17,17.414672684984858,17.64726587301588
2025-10-25 12:43:14.646766,19,17.47244029511441,17.19661111111111
2025-10-25 12:53:14.443602,17,17.606978730532703,17.848125661375665
2025-10-25 13:01:43.982736,17,17.17861391521521,17.49965873015873
2025-10-25 13:03:14.083005,17,17.12084630508565,16.648312169312163
2025-10-25 13:08:45.425118,17,17.23638152534476,16.67360317460317
2025-10-25 13:13:44.642362,19,16.6637853988677,16.82405924630925
2025-10-25 13:15:43.441107,18,16.683167596352888,16.692252765752762
2025-10-25 13:19:14.477148,17,16.548250178608587,16.861497240232527
2025-10-25 13:20:14.984250,17,16.606017788738146,17.450164053095165
2025-10-25 13:20:44.479288,17,16.889775864567433,16.927680199430203
2025-10-25 13:26:44.637084,17,16.606017788738146,17.450164053095165
2025-10-25 13:28:14.640106,17,16.606017788738146,17.450164053095165
2025-10-25 13:33:44.436736,16,16.548250178608587,16.861497240232527
2025-10-25 13:34:14.421119,17,16.606017788738146,17.450164053095165
2025-10-25 13:36:14.503208,17,16.43271495834947,16.34861904761903
2025-10-25 13:37:14.438464,18,16.490482568479035,16.980358465608457
2025-10-25 13:38:14.874567,17,16.548250178608587,16.861497240232527
2025-10-25 13:38:44.623302,16,16.548250178608587,16.861497240232527
2025-10-25 13:40:44.426976,16,16.490482568479035,16.980358465608457
2025-10-25 13:41:14.011188,16,16.43271495834947,16.34861904761903
2025-10-25 13:43:14.395861,18,16.548250178608587,16.861497240232527
2025-10-25 13:43:44.632351,18,16.317179738090367,16.139388888888888
2025-10-25 13:48:44.803401,16,16.452097155834664,17.344557599807604
2025-10-25 13:49:44.540696,15,16.37494734821992,16.97694035594036
2025-10-25 13:51:44.625241,17,16.43271495834947,16.34861904761903
2025-10-25 13:53:13.992360,16,16.317179738090367,16.139388888888888
2025-10-25 13:53:44.425715,16,16.43271495834947,16.34861904761903
2025-10-25 13:54:44.644328,17,16.37494734821992,16.97694035594036
2025-10-25 13:57:14.629675,16,16.471100370993845,16.385317460317466
2025-10-25 13:59:14.426035,16,16.317179738090367,16.139388888888888
2025-10-25 14:00:44.626493,18,16.273805996194568,16.73138888888889
2025-10-25 14:02:44.631499,16,16.38934121645368,16.529441798941797
2025-10-25 14:03:44.078781,17,15.197119530522237,16.311441391941393
2025-10-25 14:04:14.338600,15,15.9853469278728,16.267999999999997
2025-10-25 14:05:43.022969,15,16.312191408838938,16.124777777777776
2025-10-25 14:06:13.998984,15,16.466112041742413,16.20077777777778
2025-10-25 14:06:44.629421,17,16.466112041742413,16.20077777777778
2025-10-25 14:09:14.454412,16,16.40834443161286,16.325468253968246
2025-10-25 14:10:44.541435,16,16.18235396591313,16.29816666666667
2025-10-25 14:20:44.468446,16,16.297510203846233,16.11711111111111
2025-10-25 14:24:45.066384,15,15.542588244321546,16.395555555555557
2025-10-25 14:25:44.626411,16,14.4706027711417,16.2725
2025-10-25 14:27:44.478299,16,14.355067550882588,16.45857142857144
2025-10-25 14:38:44.423933,16,14.523290406452759,16.381666666666668
2025-10-25 14:41:14.463165,17,14.10499389520519,15.992222222222221
2025-10-25 14:43:14.612723,16,15.162677145718341,15.9
2025-10-25 14:45:14.075442,17,14.177063728001439,15.847111111111108
2025-10-25 14:46:44.032880,15,13.854920239527784,16.053333333333335
2025-10-25 14:48:14.618884,17,13.470308148432093,16.241944444444446
2025-10-25 14:54:14.602396,15,13.465607155939608,15.694539682539686
2025-10-25 14:55:14.653013,16,13.407839545810056,15.87777777777778
2025-10-25 14:56:44.496828,16,13.311686523036133,15.941833333333333
2025-10-25 14:59:14.456634,15,13.215533500262211,16.4675
2025-10-25 15:00:15.102962,15,13.345462588755083,15.786333333333332
2025-10-25 15:02:13.988295,16,13.287694978625522,15.279309523809522
2025-10-25 15:02:44.022765,15,13.172159758366417,15.658333333333333
