datetime,y_true_CO2,yhat_lin_CO2,yhat_rf_CO2
2025-10-24 02:17:45.451182,444,508.53857782351537,441.1459966539024
2025-10-24 02:21:15.807470,442,508.596911198375,442.6711550405402
2025-10-24 02:24:45.919944,436,499.9281154460616,442.2147079435065
2025-10-24 02:26:15.906839,443,499.869782071202,441.42820525320934
2025-10-24 02:30:14.812054,449,499.8114486963424,451.112236787407
2025-10-24 02:30:45.217062,447,499.9864488209212,437.08301246456483
2025-10-24 02:32:45.828286,430,499.9281154460616,442.2147079435065
2025-10-24 02:33:14.810269,431,499.8114486963424,451.112236787407
2025-10-24 02:33:45.203238,424,499.9864488209212,437.08301246456483
2025-10-24 02:34:16.080496,432,499.869782071202,441.42820525320934
2025-10-24 02:39:45.771758,438,499.9281154460616,442.2147079435065
2025-10-24 02:40:15.913956,431,499.9281154460616,442.2147079435065
2025-10-24 02:43:15.911776,437,499.9281154460616,442.2147079435065
2025-10-24 02:43:46.078789,441,500.04478219578084,434.3384422454337
2025-10-24 02:46:45.920163,430,499.9864488209212,437.08301246456483
2025-10-24 02:48:14.804223,433,499.9281154460616,442.2147079435065
2025-10-24 02:49:15.906692,439,499.9281154460616,442.2147079435065
2025-10-24 02:51:15.831537,433,499.9281154460616,442.2147079435065
2025-10-24 02:52:45.913593,433,499.9281154460616,442.2147079435065
2025-10-24 10:04:44.840749,419,487.9116081238813,421.2356296296296
2025-10-24 10:06:45.076087,420,487.28425632561976,420.322619047619
2025-10-24 10:10:45.068229,426,488.02827487360054,424.7301960076962
2025-10-24 10:13:15.066571,431,488.08660824846015,423.5950687830689
2025-10-24 10:14:45.080690,420,488.2032749981794,431.0523849206349
2025-10-24 10:17:45.079529,447,494.6400151065505,443.22561111111116
2025-10-24 10:21:14.371750,439,494.6400151065505,443.22561111111116
2025-10-24 10:26:44.977054,455,496.2447189522312,465.5769354921392
2025-10-24 10:28:45.058197,467,496.3030523270908,469.7256383755135
2025-10-24 10:33:45.064516,474,494.87334860598895,479.8654682539684
2025-10-24 10:36:15.066708,479,494.87334860598895,479.8654682539684
2025-10-24 10:37:15.071498,478,494.1876634328678,494.7513888888889
2025-10-24 10:38:44.651974,487,494.87334860598895,479.8654682539684
2025-10-24 10:41:15.066231,486,494.87334860598895,479.8654682539684
2025-10-24 10:42:44.710102,481,502.8564591851808,497.00911267436265
2025-10-24 10:45:15.065058,483,494.07099668314856,482.024611111111
2025-10-24 10:49:44.350364,512,502.79812581032127,512.452743987494
2025-10-24 10:51:44.361083,502,494.36266355744664,489.11138888888894
2025-10-24 10:53:15.073704,516,502.1707740120597,520.4524074074073
2025-10-24 10:53:45.289523,513,502.0541072623405,523.6889206349207
2025-10-24 10:54:15.055312,507,493.5019782597467,493.08638888888896
2025-10-24 10:54:45.047183,507,502.1124406372001,525.0580621693122
2025-10-24 10:55:14.920533,509,502.0541072623405,523.6889206349207
2025-10-24 10:55:45.052597,516,501.9957738874809,522.1705555555556
2025-10-24 10:56:14.906812,516,502.1707740120597,520.4524074074073
2025-10-24 10:58:14.965226,533,501.5434222137982,522.76
2025-10-24 10:58:44.817038,529,501.42675546407895,522.8057407407407
2025-10-24 11:00:44.392900,515,503.03867367442825,529.3
2025-10-24 11:02:44.640125,518,496.5175068671803,523.5675793650794
2025-10-24 11:03:44.857783,517,495.0294697712188,533.9546428571429
2025-10-24 11:04:45.411158,515,501.6089699533263,527.8268650793651
2025-10-24 11:08:14.397121,532,494.22711784837844,529.9137539682539
2025-10-24 11:12:15.272432,531,494.22711784837844,529.9137539682539
2025-10-24 11:13:45.057555,543,509.7087472822378,539.6971428571428
2025-10-24 11:15:14.863704,539,495.08780314607844,533.8765634920635
2025-10-24 11:15:45.048699,536,502.21022842757066,548.9103888888889
2025-10-24 11:21:14.390702,542,502.1518950527111,542.4451507936508
2025-10-24 11:25:45.375539,544,513.4871733970011,535.5733333333334
2025-10-24 11:26:14.716467,542,513.3705066472819,537.8064444444445
2025-10-24 11:26:45.044459,541,514.9752104929627,536.0922222222223
2025-10-24 11:29:45.040143,522,502.4435619270091,533.7286111111111
2025-10-24 11:30:14.700881,518,501.6995433790284,532.2826666666666
2025-10-24 11:32:15.366502,539,501.8162101287476,536.8884444444445
2025-10-24 11:33:44.925970,526,500.26983965792647,534.8305555555554
2025-10-24 11:34:45.020076,536,499.46748773508614,533.6316746031745
2025-10-24 11:35:14.844923,545,499.4091543602265,543.8663968253969
2025-10-24 11:35:45.065460,551,498.781802561965,533.5750634920634
2025-10-24 11:38:14.321908,536,506.849339840034,533.3666666666667
2025-10-24 11:39:44.367959,528,510.0004141565359,540.783888888889
2025-10-24 11:41:44.661327,544,512.9181549735993,534.8133333333334
2025-10-24 11:43:45.030167,539,508.9969687850995,534.7390158730159
2025-10-24 11:45:45.021172,544,510.485005881061,543.1690462962964
2025-10-24 11:46:14.702225,545,510.485005881061,543.1690462962964
2025-10-24 11:48:15.018100,544,511.34569117876094,542.4334947089947
2025-10-24 11:50:44.871429,556,514.1467652461051,542.1886666666667
2025-10-24 11:51:14.916832,559,512.7170615250033,546.2843888888889
2025-10-24 11:52:15.010275,546,510.5433392559206,548.1479761904762
2025-10-24 11:54:14.351268,547,511.28735780390133,539.7516772486773
2025-10-24 11:54:44.330117,537,512.1480431016014,544.0460317460318
2025-10-24 11:55:44.380688,546,508.4279503616976,540.6924365079365
2025-10-24 11:56:15.013239,542,508.4862837365572,540.6591031746032
2025-10-24 12:01:15.017727,530,516.9110356284524,527.2663503620562
2025-10-24 12:03:45.028639,539,520.5727949934966,504.407601010101
2025-10-24 12:04:15.021545,538,522.0608320894581,529.4416010101011
2025-10-24 12:07:15.013492,521,523.49053581056,506.3187704055204
2025-10-24 12:07:45.187116,527,523.5488691854196,515.2310036148491
2025-10-24 12:08:45.028131,534,523.782202684858,521.7994175639175
2025-10-24 12:09:15.028040,533,523.6072025602792,521.8073925924722
2025-10-24 12:12:14.330559,526,524.4095544831196,524.7492448386365
2025-10-24 12:12:45.018096,530,523.5488691854196,515.2310036148491
2025-10-24 12:18:15.030266,530,524.35122110826,524.1377823167959
2025-10-24 12:19:45.014947,537,524.4095544831196,524.7492448386365
2025-10-24 12:22:15.018697,525,523.6072025602792,521.8073925924722
2025-10-24 12:23:45.182193,509,523.6655359351388,519.8258308728309
2025-10-24 12:25:44.799753,513,523.5488691854196,515.2310036148491
2025-10-24 12:30:44.997668,517,523.6072025602792,521.8073925924722
2025-10-24 12:31:45.039609,513,523.6072025602792,521.8073925924722
2025-10-24 12:32:15.024117,511,514.9384068079659,512.2902525252525
2025-10-24 12:40:14.829946,499,515.624091981087,508.81242460317463
2025-10-24 12:43:13.792284,495,523.49053581056,506.3187704055204
2025-10-24 12:47:45.335497,496,522.8048506374388,519.1441902356902
2025-10-24 12:50:44.688765,506,513.3920363371448,512.8265793650794
2025-10-24 12:51:44.667482,493,513.4503697120043,512.868189033189
2025-10-24 12:52:14.907559,489,520.5144616186369,510.83463888888895
2025-10-24 12:53:44.333250,498,519.7121096957966,498.9544126984128
2025-10-24 12:54:14.416186,492,519.7121096957966,498.9544126984128
2025-10-24 12:54:45.000593,486,518.9680911478158,502.77080158730166
2025-10-24 12:57:44.797328,508,507.32322120357946,503.3163333333333
2025-10-24 12:58:14.999788,505,507.32322120357946,503.3163333333333
2025-10-24 13:01:44.397849,507,510.2220830612942,508.4451984126984
2025-10-24 13:02:43.820977,511,508.7340459653327,509.8272222222222
2025-10-24 13:03:14.999604,515,507.1876754945116,513.3123333333334
2025-10-24 13:05:43.837354,508,501.92121228378676,508.44611111111107
2025-10-24 13:06:14.999163,513,501.2938604855252,508.1996111111111
2025-10-24 13:07:44.400504,517,514.6278609743191,510.7644444444444
2025-10-24 13:08:14.833417,521,514.5695275994594,511.91111111111104
2025-10-24 13:11:14.876511,510,514.5111942245999,516.3262777777778
2025-10-24 13:11:45.353208,511,518.1729535896441,519.2096111111111
2025-10-24 13:15:14.863731,520,520.5800093581652,517.9943888888887
2025-10-24 13:17:14.998577,514,521.2073611564266,522.1882777777777
2025-10-24 13:18:14.717544,516,521.2656945312863,518.835380952381
2025-10-24 13:22:14.334825,520,521.9513797044074,521.5597777777778
2025-10-24 13:25:44.984713,517,521.7763795798286,521.6932222222222
2025-10-24 13:26:14.407676,522,521.8347129546881,521.2547222222223
2025-10-24 13:29:14.990035,527,530.4451753321416,519.430222222222
2025-10-24 13:29:44.988475,529,530.3285085824224,530.8998108465609
2025-10-24 13:34:14.990741,539,523.1477499260708,536.8831534391535
2025-10-24 13:37:14.774955,533,532.502230851505,528.0263531746032
2025-10-24 13:39:14.337530,530,523.7167683494728,530.7998333333334
2025-10-24 13:39:44.985833,536,524.5774536471727,539.9858888888889
2025-10-24 13:40:14.809804,536,524.4024535225939,538.5450555555556
2025-10-24 13:42:14.976108,546,525.8904906185554,536.6396666666666
2025-10-24 13:50:14.781216,551,527.2618609647976,550.0842619047618
2025-10-24 13:50:44.963535,547,527.1451942150784,562.3474047619048
2025-10-24 13:55:44.321425,570,518.5347318376247,551.7678015873015
2025-10-24 13:58:44.973238,553,527.7725460133399,556.0560555555555
2025-10-24 14:01:14.406110,546,525.8977049832239,541.8504761904762
2025-10-24 14:02:14.775269,548,525.8977049832239,541.8504761904762
2025-10-24 14:03:44.990341,535,525.0370196855239,546.4912222222222
2025-10-24 14:05:14.321924,545,516.4265573080702,550.4051666666667
2025-10-24 14:08:44.970703,554,516.3682239332105,552.1936428571429
2025-10-24 14:10:14.885210,557,515.5658720103702,555.3223095238096
2025-10-24 14:13:14.628373,565,515.5658720103702,555.3223095238096
2025-10-24 14:14:44.971195,566,516.1932238086317,562.8824206349207
2025-10-24 14:15:44.692238,561,516.0182236840528,561.1724814814816
2025-10-24 14:23:44.946516,578,516.7622422320336,566.4355343915345
2025-10-24 14:24:44.961269,576,516.7622422320336,566.4355343915345
2025-10-24 14:25:44.389994,570,516.703908857174,574.8261727994225
2025-10-24 14:26:14.964568,577,516.6455754823144,573.4073333333332
2025-10-24 14:27:44.964948,579,516.703908857174,574.8261727994225
2025-10-24 14:29:14.326197,568,516.6455754823144,573.4073333333332
2025-10-24 14:31:44.771858,595,516.5872421074548,584.4458611111111
2025-10-24 14:32:44.972097,582,516.703908857174,574.8261727994225
2025-10-24 14:37:14.959986,589,517.958612453697,587.3683360990858
2025-10-24 14:47:44.356291,608,518.3526307525201,582.6993253968253
2025-10-24 14:48:44.971185,609,518.1776306279413,587.6357976190475
2025-10-24 14:51:44.857632,603,518.1192972530816,585.1664999999999
2025-10-24 14:53:44.960945,580,518.1192972530816,585.1664999999999
2025-10-24 14:55:14.644017,590,509.5671682504875,586.4384642857144
2025-10-24 14:59:14.948847,582,510.0195199241702,586.7257658730159
2025-10-24 15:01:44.657743,591,516.5801411469291,580.240880952381
2025-10-24 15:04:43.827910,577,516.5801411469291,580.240880952381
2025-10-24 15:05:44.353988,584,516.5801411469291,580.240880952381
2025-10-24 15:06:14.863948,586,507.8530120197561,577.515258079067
2025-10-24 15:06:44.952028,591,507.7946786448965,565.4810374255374
2025-10-24 15:12:14.954135,566,508.422030443158,558.1652968470726
2025-10-24 15:13:14.953549,572,508.53869719287724,562.8798214563215
2025-10-24 15:19:14.945876,561,508.53869719287724,562.8798214563215
2025-10-24 15:22:44.327243,556,508.4803638180176,556.1354108270342
2025-10-24 15:25:44.940371,554,508.4803638180176,556.1354108270342
2025-10-24 15:27:14.946061,565,508.422030443158,558.1652968470726
2025-10-24 15:31:14.318719,550,508.53869719287724,562.8798214563215
2025-10-24 15:34:44.799400,543,499.8699014405642,547.5161736010905
2025-10-24 15:38:44.942579,550,499.63656794112575,549.4295335312835
2025-10-24 15:39:44.947818,554,499.8115680657046,548.1403717455386
2025-10-24 15:42:44.947401,554,499.63656794112575,549.4295335312835
2025-10-24 15:44:14.769378,542,499.8115680657046,548.1403717455386
2025-10-24 15:46:14.940054,533,499.753234690845,545.0456864057156
2025-10-24 15:47:14.406892,531,508.4803638180176,556.1354108270342
2025-10-24 15:48:45.102558,545,499.753234690845,545.0456864057156
2025-10-24 15:54:44.344367,537,499.63656794112575,549.4295335312835
2025-10-24 15:57:14.416145,553,499.753234690845,545.0456864057156
2025-10-24 15:59:14.941881,541,499.69490131598536,545.5112444777448
2025-10-24 16:00:14.378039,542,497.7033935361501,526.9160260736359
2025-10-24 16:05:44.762496,541,497.7617269110097,533.6257688702045
2025-10-24 16:08:14.950887,537,497.7617269110097,533.6257688702045
2025-10-24 16:09:14.943422,535,497.7033935361501,526.9160260736359
2025-10-24 16:10:14.380874,533,497.7617269110097,533.6257688702045
2025-10-24 16:11:44.380190,538,497.7033935361501,526.9160260736359
2025-10-24 16:12:14.940501,532,497.58672678643086,518.5454851768598
2025-10-24 16:12:44.327673,529,497.6450601612905,521.4615544204966
2025-10-24 16:15:14.388781,526,497.7033935361501,526.9160260736359
2025-10-24 16:15:44.945119,522,497.7033935361501,526.9160260736359
2025-10-24 16:21:13.326844,527,497.6450601612905,521.4615544204966
2025-10-24 16:25:44.321306,519,489.0345977838367,521.2936726652974
2025-10-24 16:26:14.943680,516,489.0345977838367,521.2936726652974
2025-10-24 16:26:44.949287,521,489.0345977838367,521.2936726652974
2025-10-24 16:27:44.946090,529,497.6450601612905,521.4615544204966
2025-10-24 16:30:14.939874,512,489.09293115869633,519.6187489084987
2025-10-24 16:35:14.931461,519,497.6450601612905,521.4615544204966
2025-10-24 16:37:44.949844,525,488.9762644089771,521.431380915381
2025-10-24 16:38:44.437111,513,488.9762644089771,521.431380915381
2025-10-24 16:40:14.933068,513,488.9762644089771,521.431380915381
2025-10-24 16:41:14.766980,508,496.9593749881693,522.0363381396704
2025-10-24 16:42:14.863627,514,488.9762644089771,521.431380915381
2025-10-24 16:46:13.770676,522,488.9179310341175,513.8400449735448
2025-10-24 16:47:14.762935,515,497.6450601612905,521.4615544204966
2025-10-24 16:51:14.315249,491,488.74293090953864,493.7258042328043
2025-10-24 16:53:14.321174,478,488.39293066038096,471.0975
2025-10-24 16:55:14.947464,466,488.6262641598194,480.61864466089463
2025-10-24 16:59:14.938253,472,488.45126403524057,485.59664682539676
2025-10-24 17:00:15.096818,471,486.28475613082645,471.2147222222224
2025-10-24 17:02:43.793893,466,477.4409602539346,459.4550808080809
2025-10-24 17:07:14.666536,462,477.4409602539346,459.4550808080809
2025-10-24 17:09:14.384540,449,485.93475588166876,467.4304365079367
2025-10-24 17:09:44.934517,447,477.2076267544961,446.3794330206833
2025-10-24 17:11:13.768334,462,477.38262687907496,459.48679810004796
2025-10-24 17:12:44.938200,461,477.32429350421535,451.55405795076365
2025-10-24 17:15:14.821087,457,477.32429350421535,451.55405795076365
2025-10-24 17:16:44.939234,453,477.2076267544961,446.3794330206833
2025-10-24 17:20:44.957511,441,477.38262687907496,459.48679810004796
2025-10-24 17:21:14.875015,438,477.38262687907496,459.48679810004796
2025-10-24 17:22:44.812271,436,477.0909600047769,437.89777777777783
2025-10-24 17:28:44.954043,435,476.97429325505766,433.9018439153439
2025-10-24 17:29:14.960738,431,476.91595988019805,424.8258724146225
2025-10-24 17:34:44.797171,431,477.0326266299173,435.4616635401636
2025-10-24 17:35:44.360176,429,468.3054975027443,425.2714682539683
2025-10-24 17:45:14.881434,432,468.13049737816544,432.5891747117264
2025-10-24 17:46:14.444606,437,468.2471641278847,428.6932917360418
2025-10-24 17:47:14.966469,434,476.7992931304788,427.3465792540793
2025-10-24 17:48:14.880590,433,468.18883075302506,427.3975450613773
2025-10-24 17:55:44.969543,432,468.18883075302506,427.3975450613773
2025-10-24 17:57:44.964471,426,476.7992931304788,427.3465792540793
2025-10-24 17:58:14.957898,430,476.85762650533843,424.5527497110734
2025-10-24 17:59:14.768072,425,468.18883075302506,427.3975450613773
2025-10-24 18:00:14.961789,426,474.9827854752224,430.74864477679813
2025-10-24 18:01:14.782922,432,474.86611872550316,434.74020797720794
2025-10-24 18:02:44.407386,435,474.92445210036277,431.67799943543434
2025-10-24 18:03:43.813688,427,466.2556563480494,433.3894563492063
2025-10-24 18:05:14.959370,446,474.92445210036277,431.67799943543434
2025-10-24 18:07:14.849366,428,474.9827854752224,430.74864477679813
2025-10-24 18:12:44.692022,432,475.041118850082,429.37050029415184
2025-10-24 18:13:14.388114,434,475.041118850082,429.37050029415184
2025-10-24 18:14:14.393287,438,474.92445210036277,431.67799943543434
2025-10-24 18:17:14.960786,430,475.041118850082,429.37050029415184
2025-10-24 18:20:44.962483,420,474.92445210036277,431.67799943543434
2025-10-24 18:21:44.953936,427,475.041118850082,429.37050029415184
2025-10-24 18:22:14.403177,436,475.041118850082,429.37050029415184
2025-10-24 18:23:14.957840,436,474.9827854752224,430.74864477679813
2025-10-24 18:23:44.954596,434,474.9827854752224,430.74864477679813
2025-10-24 18:25:45.287867,431,474.92445210036277,431.67799943543434
2025-10-24 18:28:44.951654,421,474.9827854752224,430.74864477679813
2025-10-24 18:31:14.427610,427,475.0994522249416,430.1370497340618
2025-10-24 18:33:44.440977,426,475.15778559980123,431.1125183377997
2025-10-24 18:39:14.879354,422,469.088970466236,429.2068129893857
2025-10-24 18:39:44.885862,427,469.0306370913764,430.542454022474
2025-10-24 18:40:44.742657,431,469.2056372159552,429.2510714285716
2025-10-24 18:41:45.185838,420,469.949655763936,429.2510714285716
2025-10-24 18:43:14.801091,437,475.15778559980123,431.1125183377997
2025-10-24 18:43:44.938091,432,475.15778559980123,431.1125183377997
2025-10-24 18:48:14.337293,438,466.313989722909,433.9201499519
2025-10-24 18:50:44.951177,437,466.37232309776863,435.5433098845601
2025-10-24 18:53:44.394545,424,466.313989722909,433.9201499519
2025-10-24 18:54:14.772546,427,466.2556563480494,433.3894563492063
2025-10-24 18:55:43.775414,443,466.2556563480494,433.3894563492063
2025-10-24 18:59:44.957723,442,466.13898959833017,444.4574502164502
2025-10-24 19:05:14.947067,442,464.08914844363534,443.9179999999999
2025-10-24 19:07:14.952060,445,455.36201931646235,458.80939947089945
2025-10-24 19:12:14.951381,447,463.9724816939161,457.62122619047614
2025-10-24 19:20:44.953281,446,455.36201931646235,458.80939947089945
2025-10-24 19:26:44.284953,456,455.1286858170239,461.53324581465324
2025-10-24 19:28:44.875810,465,455.1870191918835,459.1055531624193
2025-10-24 19:29:45.261483,458,455.2453525667431,457.5584834618198
2025-10-24 19:31:44.438812,457,455.1870191918835,459.1055531624193
2025-10-24 19:33:13.759707,472,455.1870191918835,459.1055531624193
2025-10-24 19:37:14.866887,454,455.0703524421643,460.32737278135824
2025-10-24 19:43:15.305834,452,455.1286858170239,461.53324581465324
2025-10-24 19:43:44.805301,455,455.1286858170239,461.53324581465324
2025-10-24 19:44:14.942142,456,455.1870191918835,459.1055531624193
2025-10-24 19:45:14.937672,459,455.1870191918835,459.1055531624193
2025-10-24 19:54:15.371074,468,446.3432233149916,464.83675889850895
2025-10-24 20:02:14.277619,464,444.4100489100159,459.1149214075395
2025-10-24 20:05:44.947144,460,444.3517155351563,461.60419783919787
2025-10-24 20:08:14.924202,469,444.1767154105775,461.86508850408813
2025-10-24 20:12:44.925444,468,444.58504903459476,459.48642958819954
2025-10-24 20:31:44.911574,466,453.19551141204823,459.62784347834713
2025-10-24 20:34:44.411747,460,453.31217816176746,451.6096687849186
2025-10-24 20:35:44.396481,457,453.31217816176746,451.6096687849186
2025-10-24 20:36:45.115861,462,453.3705115366271,455.7691937229439
2025-10-24 20:38:44.923973,457,453.3705115366271,455.7691937229439
2025-10-24 20:41:44.915873,444,453.25384478690785,460.8894113981852
2025-10-24 20:44:44.906538,474,462.03930728894045,457.5661706349204
2025-10-24 20:46:44.917187,444,462.03930728894045,457.5661706349204
2025-10-24 20:47:44.911868,453,462.09764066380006,454.91955555555546
2025-10-24 20:49:44.294015,451,453.31217816176746,451.6096687849186
2025-10-24 20:51:44.447707,458,461.98097391408083,456.1744882663633
2025-10-24 20:55:14.807675,456,462.03930728894045,457.5661706349204
2025-10-24 20:55:44.916435,456,453.4288449114867,460.07679365079343
2025-10-24 20:59:14.904773,459,453.4288449114867,460.07679365079343
2025-10-24 21:02:14.315406,457,460.1644662588244,454.50939838674407
2025-10-24 21:02:44.773579,457,460.0477995091052,457.4919007936507
2025-10-24 21:05:44.912520,455,451.49567050651103,450.7557001527887
2025-10-24 21:06:14.924322,455,460.1061328839648,456.22938949721305
2025-10-24 21:07:44.372920,450,451.55400388137065,449.43698227698246
2025-10-24 21:08:14.924390,451,451.55400388137065,449.43698227698246
2025-10-24 21:09:44.927617,453,460.1644662588244,454.50939838674407
2025-10-24 21:10:14.917829,450,460.222799633684,449.04623508353717
2025-10-24 21:12:15.064988,452,451.49567050651103,450.7557001527887
2025-10-24 21:17:44.853349,447,460.222799633684,449.04623508353717
2025-10-24 21:18:14.905849,447,460.1644662588244,454.50939838674407
2025-10-24 21:19:44.274617,449,460.222799633684,449.04623508353717
2025-10-24 21:21:14.324175,453,460.1644662588244,454.50939838674407
2025-10-24 21:27:44.759470,438,460.222799633684,449.04623508353717
2025-10-24 21:28:44.914597,438,451.61233725623026,443.9495799627932
2025-10-24 21:29:44.224542,446,451.6706706310899,447.29671306008805
2025-10-24 21:31:44.274519,451,451.61233725623026,443.9495799627932
2025-10-24 21:33:44.843563,443,460.1644662588244,454.50939838674407
2025-10-24 21:35:14.842559,444,460.28113300854363,447.66114807945024
2025-10-24 21:36:14.291884,449,460.222799633684,449.04623508353717
2025-10-24 21:39:14.970098,449,460.222799633684,449.04623508353717
2025-10-24 21:43:43.812477,449,460.222799633684,449.04623508353717
2025-10-24 21:50:14.828253,452,460.33946638340325,449.7794679821638
2025-10-24 21:50:44.350715,448,451.61233725623026,443.9495799627932
2025-10-24 21:51:44.220284,447,460.39779975826286,451.5869488289488
2025-10-24 21:55:15.002281,445,460.4561331331225,444.9477072499337
2025-10-24 21:55:45.119713,445,460.33946638340325,449.7794679821638
2025-10-24 21:56:14.752834,454,451.8456707556687,443.13938537086455
2025-10-24 21:57:15.126993,446,460.39779975826286,451.5869488289488
2025-10-24 21:57:44.917698,447,451.6706706310899,447.29671306008805
2025-10-24 22:03:14.927079,444,449.79582960097383,445.1319121017011
2025-10-24 22:05:14.911264,438,458.347958603568,445.96920852337064
2025-10-24 22:12:44.910437,452,458.5229587281468,439.2547507385117
2025-10-24 22:13:14.249392,448,449.7374962261142,447.0067246272245
2025-10-24 22:14:44.906680,431,458.4062919784276,447.0384832209076
2025-10-24 22:16:14.893074,451,458.5229587281468,439.2547507385117
2025-10-24 22:19:44.901471,450,458.4062919784276,447.0384832209076
2025-10-24 22:22:14.898583,445,458.5229587281468,439.2547507385117
2025-10-24 22:24:44.826373,436,449.79582960097383,445.1319121017011
2025-10-24 22:25:44.783828,443,449.79582960097383,445.1319121017011
2025-10-24 22:29:44.749997,433,458.58129210300643,440.57804462204456
2025-10-24 22:31:13.774445,428,458.4646253532872,440.4040082472887
2025-10-24 22:32:44.751959,444,458.5229587281468,439.2547507385117
2025-10-24 22:35:15.194132,437,458.5229587281468,439.2547507385117
2025-10-24 22:37:44.899170,450,449.85416297583345,442.2340342481051
2025-10-24 22:38:14.226740,447,458.5229587281468,439.2547507385117
2025-10-24 22:39:44.895766,433,458.58129210300643,440.57804462204456
2025-10-24 22:40:44.807096,438,458.5229587281468,439.2547507385117
2025-10-24 22:46:44.320901,433,449.91249635069306,437.3445177970179
2025-10-24 22:47:44.887136,435,449.85416297583345,442.2340342481051
2025-10-24 22:49:44.893436,445,449.91249635069306,437.3445177970179
2025-10-24 22:51:45.553642,434,458.58129210300643,440.57804462204456
2025-10-24 22:52:44.886233,444,449.91249635069306,437.3445177970179
2025-10-24 22:54:14.891586,442,449.85416297583345,442.2340342481051
2025-10-24 22:58:14.876379,424,449.85416297583345,442.2340342481051
2025-10-24 22:58:44.876687,428,458.63962547786605,438.1114642857144
2025-10-24 23:05:14.759932,444,456.53145094831154,448.95849857111693
2025-10-24 23:07:14.733391,438,456.58978432317116,440.48523292448283
2025-10-24 23:11:45.202923,429,447.9793219457174,433.92674716888365
2025-10-24 23:14:15.211966,439,447.9793219457174,433.92674716888365
2025-10-24 23:16:44.873993,433,447.9793219457174,433.92674716888365
2025-10-24 23:19:14.758348,436,447.9793219457174,433.92674716888365
2025-10-24 23:22:14.878274,439,448.0376553205771,434.22838613540773
2025-10-24 23:23:45.097259,431,447.9793219457174,433.92674716888365
2025-10-24 23:24:14.866623,433,447.9793219457174,433.92674716888365
2025-10-24 23:35:14.868742,437,448.0376553205771,434.22838613540773
2025-10-24 23:38:14.873234,444,448.09598869543663,430.6295135719543
2025-10-24 23:42:44.275388,444,456.76478444775,429.87465137177634
2025-10-24 23:49:14.868442,431,448.0376553205771,434.22838613540773
2025-10-24 23:49:44.200864,430,447.9793219457174,433.92674716888365
2025-10-24 23:52:44.249046,430,448.0376553205771,434.22838613540773
2025-10-24 23:57:44.166377,425,448.0376553205771,434.22838613540773
2025-10-24 23:59:14.779779,443,448.09598869543663,430.6295135719543
2025-10-25 00:00:44.241210,423,446.0049828026292,437.65264672304545
2025-10-25 00:01:15.197901,421,446.0633161774888,428.89483438285146
2025-10-25 00:09:14.877958,444,446.179982927208,423.14899557496636
2025-10-25 00:14:14.232026,435,446.1216495523484,426.2246217850555
2025-10-25 00:15:14.157745,434,446.1216495523484,426.2246217850555
2025-10-25 00:16:13.738084,425,446.1216495523484,426.2246217850555
2025-10-25 00:18:14.202987,424,446.179982927208,423.14899557496636
2025-10-25 00:18:43.738190,424,446.179982927208,423.14899557496636
2025-10-25 00:20:44.247471,429,446.1216495523484,426.2246217850555
2025-10-25 00:21:14.598017,428,446.1216495523484,426.2246217850555
2025-10-25 00:22:14.788844,426,446.179982927208,423.14899557496636
2025-10-25 00:23:15.188001,435,446.179982927208,423.14899557496636
2025-10-25 00:26:44.869762,420,446.0049828026292,437.65264672304545
2025-10-25 00:27:14.195745,417,446.1216495523484,426.2246217850555
2025-10-25 00:30:14.862145,420,446.23831630206763,418.6933166157889
2025-10-25 00:30:45.213622,421,446.1216495523484,426.2246217850555
2025-10-25 00:39:14.751836,421,446.1216495523484,426.2246217850555
2025-10-25 00:39:44.879506,422,446.179982927208,423.14899557496636
2025-10-25 00:41:14.225090,420,446.179982927208,423.14899557496636
2025-10-25 00:42:14.558479,419,446.23831630206763,418.6933166157889
2025-10-25 00:43:14.866243,417,446.23831630206763,418.6933166157889
2025-10-25 00:46:45.194895,424,446.1216495523484,426.2246217850555
2025-10-25 00:51:14.725818,427,446.23831630206763,418.6933166157889
2025-10-25 00:56:44.893858,422,446.23831630206763,418.6933166157889
2025-10-25 01:00:14.873866,418,444.24680852223236,417.33222096281355
2025-10-25 01:02:14.870298,415,444.24680852223236,417.33222096281355
2025-10-25 01:03:14.864373,428,444.24680852223236,417.33222096281355
2025-10-25 01:03:44.860581,431,444.24680852223236,417.33222096281355
2025-10-25 01:06:45.202546,417,444.18847514737274,417.24209361118204
2025-10-25 01:12:14.730432,415,444.30514189709197,423.8567595266226
2025-10-25 01:14:44.881691,418,435.63634614477894,425.17573937863176
2025-10-25 01:24:15.513761,414,444.30514189709197,423.8567595266226
2025-10-25 01:24:44.151513,414,435.5780127699193,418.50609795260385
2025-10-25 01:29:15.202594,415,444.24680852223236,417.33222096281355
2025-10-25 01:30:14.873336,420,435.63634614477894,425.17573937863176
2025-10-25 01:34:44.872718,418,444.30514189709197,423.8567595266226
2025-10-25 01:37:15.203162,416,435.69467951963856,432.3182417582415
2025-10-25 01:40:14.869281,413,444.30514189709197,423.8567595266226
2025-10-25 01:40:43.787779,459,444.30514189709197,423.8567595266226
2025-10-25 01:43:14.871492,421,444.24680852223236,417.33222096281355
2025-10-25 01:43:45.126634,428,435.69467951963856,432.3182417582415
2025-10-25 01:45:14.150756,434,435.63634614477894,425.17573937863176
2025-10-25 01:47:15.208647,438,444.30514189709197,423.8567595266226
2025-10-25 01:47:44.814786,432,435.63634614477894,425.17573937863176
2025-10-25 01:52:14.254022,421,435.69467951963856,432.3182417582415
2025-10-25 01:55:45.203559,438,435.69467951963856,432.3182417582415
2025-10-25 01:56:14.180088,439,444.24680852223236,417.33222096281355
2025-10-25 02:02:14.876295,434,442.3136341172567,431.9269616840111
2025-10-25 02:02:44.874351,431,442.4303008669759,428.45192216117215
2025-10-25 02:06:15.209094,427,433.7615051146629,425.8415859797117
2025-10-25 02:07:44.879553,422,433.64483836494367,430.86128281987436
2025-10-25 02:11:14.870025,427,442.3136341172567,431.9269616840111
2025-10-25 02:16:43.220388,428,433.7615051146629,425.8415859797117
2025-10-25 02:22:14.868165,417,433.7031717398033,427.6949520958946
2025-10-25 02:29:15.122213,425,433.7615051146629,425.8415859797117
2025-10-25 02:29:44.861825,423,433.7031717398033,427.6949520958946
2025-10-25 02:36:14.867336,419,433.7615051146629,425.8415859797117
2025-10-25 02:45:14.136829,434,433.7615051146629,425.8415859797117
2025-10-25 02:46:44.723269,425,433.8198384895225,426.15325146086843
2025-10-25 02:48:14.201976,428,442.48863424183554,434.09750752765757
2025-10-25 02:50:14.156535,417,433.8198384895225,426.15325146086843
2025-10-25 02:52:45.105486,419,433.7615051146629,425.8415859797117
2025-10-25 02:53:14.860121,417,433.7615051146629,425.8415859797117
2025-10-25 02:58:44.896771,424,433.7615051146629,425.8415859797117
2025-10-25 03:01:43.715505,424,431.7699973348276,423.51068057329036
2025-10-25 03:03:44.867788,427,431.82833070968724,424.18551952124716
2025-10-25 03:05:44.124832,423,431.7699973348276,423.51068057329036
2025-10-25 03:07:14.865317,430,431.7699973348276,423.51068057329036
2025-10-25 03:08:45.177757,418,431.7699973348276,423.51068057329036
2025-10-25 03:11:14.861416,427,431.7699973348276,423.51068057329036
2025-10-25 03:11:44.119918,429,431.82833070968724,424.18551952124716
2025-10-25 03:12:14.857590,425,431.7699973348276,423.51068057329036
2025-10-25 03:23:44.183941,416,431.7699973348276,423.51068057329036
2025-10-25 03:26:14.191511,432,431.82833070968724,424.18551952124716
2025-10-25 03:28:14.720096,414,431.7699973348276,423.51068057329036
2025-10-25 03:29:44.218902,422,431.82833070968724,424.18551952124716
2025-10-25 03:30:14.114849,426,431.82833070968724,424.18551952124716
2025-10-25 03:35:14.857380,417,431.82833070968724,424.18551952124716
2025-10-25 03:50:44.168583,427,431.82833070968724,424.18551952124716
2025-10-25 03:52:14.852117,419,431.82833070968724,424.18551952124716
2025-10-25 03:58:14.848291,432,431.88666408454685,423.90679054285914
2025-10-25 04:00:14.767063,427,429.8951563047116,421.37230389251886
2025-10-25 04:01:14.793037,432,429.83682292985196,419.26820953792503
2025-10-25 04:02:45.181754,429,429.83682292985196,419.26820953792503
2025-10-25 04:07:44.209251,420,429.9534896795712,421.3909255845803
2025-10-25 04:09:14.763168,430,429.8951563047116,421.37230389251886
2025-10-25 04:11:44.851597,419,421.2846939272579,421.1553473189177
2025-10-25 04:12:14.849622,419,421.2263605523982,419.18931049506045
2025-10-25 04:13:44.159642,414,429.9534896795712,421.3909255845803
2025-10-25 04:15:44.858097,415,429.8951563047116,421.37230389251886
2025-10-25 04:16:14.847460,415,429.8951563047116,421.37230389251886
2025-10-25 04:22:44.859596,417,429.8951563047116,421.37230389251886
2025-10-25 04:28:44.945492,421,429.9534896795712,421.3909255845803
2025-10-25 04:31:14.677442,419,429.8951563047116,421.37230389251886
2025-10-25 04:31:44.860573,423,421.2263605523982,419.18931049506045
2025-10-25 04:32:44.847567,427,429.9534896795712,421.3909255845803
2025-10-25 04:35:14.843101,425,429.9534896795712,421.3909255845803
2025-10-25 04:37:44.857034,425,429.8951563047116,421.37230389251886
2025-10-25 04:38:44.712841,421,429.8951563047116,421.37230389251886
2025-10-25 04:40:14.826039,425,430.0701564292904,438.31706806156814
2025-10-25 04:41:13.109261,424,429.8951563047116,421.37230389251886
2025-10-25 04:43:44.843927,418,429.8951563047116,421.37230389251886
2025-10-25 04:48:13.695774,415,429.9534896795712,421.3909255845803
2025-10-25 04:51:44.673913,420,421.2263605523982,419.18931049506045
2025-10-25 04:55:14.828257,421,421.2846939272579,421.1553473189177
2025-10-25 04:59:14.659379,419,421.2846939272579,421.1553473189177
2025-10-25 04:59:44.828666,420,421.2846939272579,421.1553473189177
2025-10-25 05:01:44.850201,416,427.90364852487636,418.12819614219205
2025-10-25 05:05:14.655677,421,419.3515195222822,428.74916131551595
2025-10-25 05:05:45.172173,417,427.961981899736,420.4219475901349
2025-10-25 05:08:44.105170,417,419.234852772563,422.0538435545936
2025-10-25 05:10:13.694404,418,419.2931861474226,421.5619136696797
2025-10-25 05:12:44.833736,426,419.3515195222822,428.74916131551595
2025-10-25 05:18:14.657588,415,419.3515195222822,428.74916131551595
2025-10-25 05:21:14.820940,414,419.3515195222822,428.74916131551595
2025-10-25 05:23:44.844119,420,428.0203152745956,436.7699583896122
2025-10-25 05:25:44.708434,425,419.2931861474226,421.5619136696797
2025-10-25 05:27:14.640744,415,419.40985289714183,435.7169132071634
2025-10-25 05:28:14.821964,413,419.3515195222822,428.74916131551595
2025-10-25 05:33:13.648721,418,419.40985289714183,435.7169132071634
2025-10-25 05:33:44.691123,415,419.3515195222822,428.74916131551595
2025-10-25 05:38:44.653239,417,419.3515195222822,428.74916131551595
2025-10-25 05:39:14.819499,420,419.2931861474226,421.5619136696797
2025-10-25 05:39:44.813297,428,419.2931861474226,421.5619136696797
2025-10-25 05:40:45.095688,443,419.3515195222822,428.74916131551595
2025-10-25 05:41:14.641579,436,419.3515195222822,428.74916131551595
2025-10-25 05:55:44.496626,442,419.40985289714183,435.7169132071634
2025-10-25 05:56:14.822577,440,419.3515195222822,428.74916131551595
2025-10-25 05:57:14.823531,447,419.3515195222822,428.74916131551595
2025-10-25 05:58:44.830451,442,419.3515195222822,428.74916131551595
2025-10-25 05:59:14.819648,444,419.3515195222822,428.74916131551595
2025-10-25 06:03:44.120795,436,417.36001174244694,443.64690594151654
2025-10-25 06:04:45.623445,442,417.41834511730656,442.2368276479061
2025-10-25 06:05:44.074855,450,417.2433449927277,440.66239940614963
2025-10-25 06:06:44.799719,443,417.2433449927277,440.66239940614963
2025-10-25 06:07:14.818467,436,417.36001174244694,443.64690594151654
2025-10-25 06:08:14.814823,439,417.41834511730656,442.2368276479061
2025-10-25 06:08:44.049187,438,417.36001174244694,443.64690594151654
2025-10-25 06:10:44.836985,434,417.36001174244694,443.64690594151654
2025-10-25 06:19:14.075775,454,417.41834511730656,442.2368276479061
2025-10-25 06:20:14.133602,429,417.36001174244694,443.64690594151654
2025-10-25 06:21:14.657571,438,417.36001174244694,443.64690594151654
2025-10-25 06:22:43.666775,440,417.41834511730656,442.2368276479061
2025-10-25 06:23:14.803143,437,417.36001174244694,443.64690594151654
2025-10-25 06:23:44.747027,434,417.41834511730656,442.2368276479061
2025-10-25 06:24:44.709568,441,417.2433449927277,440.66239940614963
2025-10-25 06:33:44.033670,441,417.4766784921662,442.998298585631
2025-10-25 06:34:14.806288,440,416.4409930698873,445.2579166666666
2025-10-25 06:35:44.044379,439,416.6743265693258,448.7703298507047
2025-10-25 06:36:45.205173,442,416.6743265693258,448.7703298507047
2025-10-25 06:37:14.692124,444,416.49932644474694,448.7147893217891
2025-10-25 06:38:14.808312,445,416.49932644474694,448.7147893217891
2025-10-25 06:40:14.798594,447,416.7326599441854,444.9661561917186
2025-10-25 06:41:44.654085,451,416.55765981960656,448.0790010822509
2025-10-25 06:42:44.075410,450,416.49932644474694,448.7147893217891
2025-10-25 06:49:44.964230,439,415.93030802134507,447.31822694027096
2025-10-25 06:51:45.155301,442,416.0469747710643,444.0778552373551
2025-10-25 06:54:14.062578,446,416.0469747710643,444.0778552373551
2025-10-25 06:58:14.384085,451,415.93030802134507,447.31822694027096
2025-10-25 07:00:14.106097,444,414.055466991229,442.7247559570058
2025-10-25 07:00:45.053098,442,413.25311506838864,441.90268099493113
2025-10-25 07:03:44.812492,448,413.25311506838864,441.90268099493113
2025-10-25 07:06:44.817976,439,413.31144844324825,440.4980884485883
2025-10-25 07:11:44.673497,435,411.76507797242715,445.23415471022986
2025-10-25 07:16:14.796941,445,411.82341134728676,446.30280944980933
2025-10-25 07:22:45.151448,452,411.8817447221464,446.0377388167389
2025-10-25 07:25:15.061232,447,411.82341134728676,446.30280944980933
2025-10-25 07:27:14.801309,449,411.8817447221464,446.0377388167389
2025-10-25 07:30:14.800664,445,411.079392799306,441.0762817460319
2025-10-25 07:30:44.802938,445,411.1377261741656,443.78820370370374
2025-10-25 07:31:15.039341,443,411.1377261741656,443.78820370370374
2025-10-25 07:33:14.809045,440,411.079392799306,441.0762817460319
2025-10-25 07:35:14.790724,449,411.1377261741656,443.78820370370374
2025-10-25 07:36:14.086213,447,419.806521926479,447.2269669312168
2025-10-25 07:39:14.796232,436,410.27704087646566,449.1205341880342
2025-10-25 07:48:14.790141,438,419.06250337849826,440.1408161375661
2025-10-25 07:53:44.810068,445,418.3184848305175,444.29321790246786
2025-10-25 07:58:44.704740,449,418.4351515802367,443.1170365652866
2025-10-25 07:59:44.793923,454,418.3184848305175,444.29321790246786
2025-10-25 08:00:14.568139,449,414.83893995472073,446.74492460317475
2025-10-25 08:04:14.616017,435,414.89727332958034,443.9208253968253
2025-10-25 08:10:44.076631,453,414.5615884056169,451.25375925925937
2025-10-25 08:12:44.555800,461,414.50325503075726,457.9598373015873
2025-10-25 08:16:44.783515,466,413.70090310791693,470.0871416748745
2025-10-25 08:18:14.423788,464,413.70090310791693,470.0871416748745
2025-10-25 08:25:44.778453,475,413.70090310791693,470.0871416748745
2025-10-25 08:26:44.773107,473,412.27119938681506,462.4628144910644
2025-10-25 08:27:44.670011,471,412.2128660119554,461.22814659877145
2025-10-25 08:30:44.781635,451,412.1545326370958,461.9533257205757
2025-10-25 08:34:14.373500,471,412.2128660119554,461.22814659877145
2025-10-25 08:34:44.078698,472,411.46884746397467,466.8065633625635
2025-10-25 08:37:14.721926,473,411.46884746397467,466.8065633625635
2025-10-25 08:38:44.022235,472,411.41051408911505,464.09631216931217
2025-10-25 08:41:14.052373,463,411.46884746397467,466.8065633625635
2025-10-25 08:42:44.769576,472,420.1376432162877,468.97974999999997
2025-10-25 08:43:44.780660,463,411.46884746397467,466.8065633625635
2025-10-25 08:49:14.056684,473,411.5271808388343,466.9554872434211
2025-10-25 08:51:44.635294,468,419.5102914180262,468.0615396825396
2025-10-25 08:52:44.765932,464,419.4519580431666,468.9853888888886
2025-10-25 08:55:14.766050,462,418.76627287004544,467.5737751322751
2025-10-25 08:55:44.013640,464,418.6496061203262,470.41904497354494
2025-10-25 09:01:14.065706,473,414.5427094462679,472.2007976190478
2025-10-25 09:01:44.020390,469,414.4843760714083,467.2948805916304
2025-10-25 09:08:14.508445,457,410.82261670636416,459.7456349206349
2025-10-25 09:12:44.757330,475,422.5258200254602,456.9842962962964
2025-10-25 09:14:44.799191,477,418.86406066041604,454.96047619047613
2025-10-25 09:15:44.693401,465,422.5258200254602,456.9842962962964
2025-10-25 09:16:14.761527,461,413.9153576480064,459.70444444444456
2025-10-25 09:17:44.758235,470,423.2698385734409,457.39528835978854
2025-10-25 09:18:44.769657,466,424.0721904962813,466.51253427128455
2025-10-25 09:24:44.766221,461,423.3281719483005,457.3033890091391
2025-10-25 09:25:14.762137,461,423.3865053231601,446.48371219521215
2025-10-25 09:27:14.018114,468,423.3865053231601,446.48371219521215
2025-10-25 09:28:14.614262,460,423.3865053231601,446.48371219521215
2025-10-25 09:28:44.612844,451,423.44483869801974,433.65473677248673
2025-10-25 09:33:14.904824,439,422.6424867751794,446.22404841454835
2025-10-25 09:33:44.759843,437,431.3696159023524,434.79351058201047
2025-10-25 09:36:14.501792,430,421.58070802888335,442.76047619047614
2025-10-25 09:36:44.598011,432,420.89502285576225,437.9761666666667
2025-10-25 09:37:44.751215,437,416.00465321821224,438.42766666666665
2025-10-25 09:38:14.397639,445,413.0285790262892,441.3709920634921
2025-10-25 09:43:15.127680,430,424.6734489705256,440.1772777777778
2025-10-25 09:45:14.742078,438,424.6734489705256,440.1772777777778
2025-10-25 09:46:44.502066,437,426.33648619106594,438.0955555555556
2025-10-25 09:48:44.297585,431,427.7078565373082,433.4166666666667
2025-10-25 09:52:44.766461,430,430.0565789309697,430.5616829466828
2025-10-25 09:55:14.046298,438,432.1719678251927,430.4411666666666
2025-10-25 09:57:44.751184,436,432.28863457491195,431.12690873015873
2025-10-25 10:04:44.400329,434,430.23879342021706,436.31421079846046
2025-10-25 10:08:14.748923,449,430.2971267950767,437.2020865800867
2025-10-25 10:10:43.929328,433,429.55310824709596,437.8552521680957
2025-10-25 10:19:14.009173,433,429.55310824709596,437.8552521680957
2025-10-25 10:20:14.069437,436,429.49477487223635,432.0900692465392
2025-10-25 10:20:44.855344,444,430.98281196819784,436.3553695286192
2025-10-25 10:27:14.738805,442,428.00673777627486,434.11742496392486
2025-10-25 10:28:44.970241,445,428.1234045259941,430.43543993036826
2025-10-25 10:30:14.029360,436,427.3210526031537,435.0223886021385
2025-10-25 10:32:14.467728,440,428.1234045259941,430.43543993036826
2025-10-25 10:33:44.039881,437,428.1234045259941,430.43543993036826
2025-10-25 10:34:44.567329,438,428.1817379008537,430.5181317663818
2025-10-25 10:41:44.054219,424,436.85053365316674,429.3915993543495
2025-10-25 10:45:44.611192,435,428.1234045259941,430.43543993036826
2025-10-25 10:55:44.074374,431,428.3567380254325,433.0093095238096
2025-10-25 10:58:14.725211,425,430.58879366937475,429.31152380952386
2025-10-25 11:00:44.720231,435,433.061397177424,430.4657777777778
2025-10-25 11:05:14.723994,425,431.74836020604135,427.5730555555556
2025-10-25 11:06:14.506257,431,440.475489333214,430.8298888888889
2025-10-25 11:07:44.717545,433,437.3827483915718,430.1738888888889
2025-10-25 11:08:15.020275,428,438.1851003144122,432.5672380952381
2025-10-25 11:08:44.009766,427,429.4579711872395,431.7488333333334
2025-10-25 11:11:14.741331,430,437.55774851615064,429.40202200577204
2025-10-25 11:13:14.453574,429,438.2434336892718,434.30618253968265
2025-10-25 11:14:44.715468,433,435.20902612248915,429.9832936507936
2025-10-25 11:16:43.996468,421,433.72098902652766,423.8704523809523
2025-10-25 11:21:14.704370,422,433.72098902652766,423.8704523809523
2025-10-25 11:23:43.989674,424,434.01265590082573,429.18620875420874
2025-10-25 11:24:44.732616,425,433.7793224013873,427.4326507936508
2025-10-25 11:25:14.015297,434,433.8959891511065,434.38310048883585
2025-10-25 11:27:14.490376,447,433.9543225259661,431.4210357697857
2025-10-25 11:28:13.505298,428,425.28552677365303,431.3607252839752
2025-10-25 11:34:44.031805,429,434.12932265054496,429.1100670995671
2025-10-25 11:39:44.682675,421,433.56030422714304,429.34134343434357
2025-10-25 11:40:14.679389,419,433.4436374774238,428.8602777777778
2025-10-25 11:40:44.426178,423,433.5019708522834,425.8907420634921
2025-10-25 11:41:45.081825,427,433.4436374774238,428.8602777777778
2025-10-25 11:43:44.499336,426,433.67697097686226,432.86015873015856
2025-10-25 11:45:44.058687,430,433.67697097686226,432.86015873015856
2025-10-25 11:48:14.685749,438,433.61863760200265,430.6359166666667
2025-10-25 11:54:44.032740,430,440.9743963829334,428.99422222222216
2025-10-25 12:03:44.494912,423,438.74955510365965,431.8350674603176
2025-10-25 12:05:14.466048,418,438.9245552282385,421.9421111111111
2025-10-25 12:06:44.689630,417,439.0412219779577,422.72076208976216
2025-10-25 12:08:14.458126,422,438.9828886030981,419.1489169719169
2025-10-25 12:12:14.665697,422,438.29720342997695,421.117543956044
2025-10-25 12:13:44.064693,426,438.4722035545558,420.32522222222207
2025-10-25 12:14:44.056276,430,438.5305369294154,422.7485820105821
2025-10-25 12:18:44.532325,417,439.15788872767695,420.74140848965845
2025-10-25 12:21:14.662924,414,439.3912222271154,422.2422222222222
2025-10-25 12:22:44.678655,424,438.4722035545558,420.32522222222207
2025-10-25 12:24:44.559142,419,438.5305369294154,422.7485820105821
2025-10-25 12:25:44.659856,427,438.64720367913463,424.336865079365
2025-10-25 12:31:44.354556,427,446.4553141337477,421.58174879749885
2025-10-25 12:33:14.083610,416,436.2401479106136,413.85264814814815
2025-10-25 12:38:14.655477,424,445.1422771623651,420.1750317460317
2025-10-25 12:40:44.923072,420,445.2589439120843,420.08148809523846
2025-10-25 12:43:14.646766,433,445.2006105372247,426.47821428571433
2025-10-25 12:53:14.443602,416,443.7709068161228,414.24207804232805
2025-10-25 13:01:43.982736,413,442.87341783342595,414.5211402116402
2025-10-25 13:03:14.083005,414,442.9317512082856,414.5735940355941
2025-10-25 13:08:45.425118,423,442.8150844585664,416.7159126984128
2025-10-25 13:13:44.642362,413,451.7755470851778,418.6373925888925
2025-10-25 13:15:43.441107,418,452.4028988834393,420.4953210678209
2025-10-25 13:19:14.477148,463,451.892213834897,434.393085094644
2025-10-25 13:20:14.984250,459,451.8338804600374,434.0421382816674
2025-10-25 13:20:44.479288,439,443.165084707724,435.1291616809119
2025-10-25 13:26:44.637084,426,451.8338804600374,434.0421382816674
2025-10-25 13:28:14.640106,435,451.8338804600374,434.0421382816674
2025-10-25 13:33:44.436736,442,451.892213834897,434.393085094644
2025-10-25 13:34:14.421119,434,451.8338804600374,434.0421382816674
2025-10-25 13:36:14.503208,427,452.00888058461624,432.7718412698412
2025-10-25 13:37:14.438464,439,451.9505472097566,441.4050343915344
2025-10-25 13:38:14.874567,451,451.892213834897,434.393085094644
2025-10-25 13:38:44.623302,454,451.892213834897,434.393085094644
2025-10-25 13:40:44.426976,437,451.9505472097566,441.4050343915344
2025-10-25 13:41:14.011188,432,452.00888058461624,432.7718412698412
2025-10-25 13:43:14.395861,432,451.892213834897,434.393085094644
2025-10-25 13:43:44.632351,436,452.12554733433547,436.52560846560857
2025-10-25 13:48:44.803401,453,452.6362323828778,439.9316978021979
2025-10-25 13:49:44.540696,445,452.06721395947585,437.6669025974028
2025-10-25 13:51:44.625241,434,452.00888058461624,432.7718412698412
2025-10-25 13:53:13.992360,440,452.12554733433547,436.52560846560857
2025-10-25 13:53:44.425715,436,452.00888058461624,432.7718412698412
2025-10-25 13:54:44.644328,435,452.06721395947585,437.6669025974028
2025-10-25 13:57:14.629675,432,451.32319541149513,431.34790873015874
2025-10-25 13:59:14.426035,424,452.12554733433547,436.52560846560857
2025-10-25 14:00:44.626493,440,450.19237292935986,433.77781746031746
2025-10-25 14:02:44.631499,430,450.07570617964063,442.42553042328035
2025-10-25 14:03:44.078781,433,459.6896139285308,430.00148412698405
2025-10-25 14:04:14.338600,431,452.42442857330207,430.28976190476186
2025-10-25 14:05:43.022969,432,449.5066877562387,431.90692063492065
2025-10-25 14:06:13.998984,430,448.7043358333983,431.03865079365085
2025-10-25 14:06:44.629421,425,448.7043358333983,431.03865079365085
2025-10-25 14:09:14.454412,431,448.76266920825793,433.2633174603175
2025-10-25 14:10:44.541435,426,457.3731315857117,430.20184920634927
2025-10-25 14:20:44.468446,438,455.3160760663483,438.1264285714286
2025-10-25 14:24:45.066384,438,453.5184473704405,422.2475
2025-10-25 14:25:44.626411,431,469.45242847798255,431.26666666666665
2025-10-25 14:27:44.478299,425,469.5690952277018,431.2941587301587
2025-10-25 14:38:44.423933,432,461.01696622510764,423.7397222222222
2025-10-25 14:41:14.463165,423,471.1154656985229,431.44866666666667
2025-10-25 14:43:14.612723,428,462.93126167073467,426.56666666666666
2025-10-25 14:45:14.075442,427,463.3073552439095,427.9700000000001
2025-10-25 14:46:44.032880,426,472.66183616934404,427.91
2025-10-25 14:48:14.618884,432,475.637910361267,429.9925
2025-10-25 14:54:14.602396,421,469.2011702528959,428.12293650793646
2025-10-25 14:55:14.653013,420,469.2595036277555,427.6832460317461
2025-10-25 14:56:44.496828,434,470.0035221757363,428.0650238095239
2025-10-25 14:59:14.456634,417,470.747540723717,424.0305238095239
2025-10-25 15:00:15.102962,424,468.63936619416256,428.8820634920635
2025-10-25 15:02:13.988295,431,468.6976995690222,429.3220158730158
2025-10-25 15:02:44.022765,436,468.8143663187414,427.34702380952393
